row_index,title,zip_filename,sku,sku_source,current_gumroad_url,current_permalink,target_sku_permalink,target_gumroad_url,status,notes
1,Adult Creator 600 Ultimate Master Vault Vol1.Zip Collection Vol 001,Adult_Creator_600_Ultimate_Master_Vault_Vol1.Zip_Collection_Vol_001.zip,WB-BND-001,db_zip_filename,https://wildbill.gumroad.com/l/wildbill_adult-creator-600-ultimate-master-vault-vol1-zip-collection-vol-001,wildbill_adult-creator-600-ultimate-master-vault-vol1-zip-collection-vol-001,wb-bnd-001,https://wildbill.gumroad.com/l/wb-bnd-001,needs_update,Update Gumroad permalink to target_sku_permalink
2,Adult Creator 600 Ultimate Master Vault Vol1.Zip Collection Vol 002,Adult_Creator_600_Ultimate_Master_Vault_Vol1.Zip_Collection_Vol_002.zip,WB-BND-002,db_zip_filename,https://wildbill.gumroad.com/l/wildbill_adult-creator-600-ultimate-master-vault-vol1-zip-collection-vol-002,wildbill_adult-creator-600-ultimate-master-vault-vol1-zip-collection-vol-002,wb-bnd-002,https://wildbill.gumroad.com/l/wb-bnd-002,needs_update,Update Gumroad permalink to target_sku_permalink
3,Adult Creator 600 Ultimate Master Vault Vol1.Zip Collection Vol 003,Adult_Creator_600_Ultimate_Master_Vault_Vol1.Zip_Collection_Vol_003.zip,WB-BND-003,db_zip_filename,https://wildbill.gumroad.com/l/wildbill_adult-creator-600-ultimate-master-vault-vol1-zip-collection-vol-003,wildbill_adult-creator-600-ultimate-master-vault-vol1-zip-collection-vol-003,wb-bnd-003,https://wildbill.gumroad.com/l/wb-bnd-003,needs_update,Update Gumroad permalink to target_sku_permalink
4,Adult Creator Smooth 600 Vault Vol Vol1.Zip Collection Vol 001,Adult_Creator_Smooth_600_Vault_Vol_Vol1.Zip_Collection_Vol_001.zip,WB-BND-004,db_zip_filename,https://wildbill.gumroad.com/l/wildbill_adult-creator-smooth-600-vault-vol-vol1-zip-collection-vol-001,wildbill_adult-creator-smooth-600-vault-vol-vol1-zip-collection-vol-001,wb-bnd-004,https://wildbill.gumroad.com/l/wb-bnd-004,needs_update,Update Gumroad permalink to target_sku_permalink
5,Adult Creator Smooth 600 Vault Vol Vol1.Zip Collection Vol 002,Adult_Creator_Smooth_600_Vault_Vol_Vol1.Zip_Collection_Vol_002.zip,WB-BND-005,db_zip_filename,https://wildbill.gumroad.com/l/wildbill_adult-creator-smooth-600-vault-vol-vol1-zip-collection-vol-002,wildbill_adult-creator-smooth-600-vault-vol-vol1-zip-collection-vol-002,wb-bnd-005,https://wildbill.gumroad.com/l/wb-bnd-005,needs_update,Update Gumroad permalink to target_sku_permalink
6,Adult Creator Smooth 600 Vault Vol Vol1.Zip Collection Vol 003,Adult_Creator_Smooth_600_Vault_Vol_Vol1.Zip_Collection_Vol_003.zip,WB-BND-006,db_zip_filename,https://wildbill.gumroad.com/l/wildbill_adult-creator-smooth-600-vault-vol-vol1-zip-collection-vol-003,wildbill_adult-creator-smooth-600-vault-vol-vol1-zip-collection-vol-003,wb-bnd-006,https://wildbill.gumroad.com/l/wb-bnd-006,needs_update,Update Gumroad permalink to target_sku_permalink
7,Dark Luxury Red And Matte Black Vol1.Zip Collection Vol 001,Dark_Luxury_Red_And_Matte_Black_Vol1.Zip_Collection_Vol_001.zip,WB-BND-007,db_zip_filename,https://wildbill.gumroad.com/l/wildbill_dark-luxury-red-and-matte-black-vol1-zip-collection-vol-001,wildbill_dark-luxury-red-and-matte-black-vol1-zip-collection-vol-001,wb-bnd-007,https://wildbill.gumroad.com/l/wb-bnd-007,needs_update,Update Gumroad permalink to target_sku_permalink
8,Dark Luxury Red And Matte Black Vol1.Zip Collection Vol 002,Dark_Luxury_Red_And_Matte_Black_Vol1.Zip_Collection_Vol_002.zip,WB-BND-008,db_zip_filename,https://wildbill.gumroad.com/l/wildbill_dark-luxury-red-and-matte-black-vol1-zip-collection-vol-002,wildbill_dark-luxury-red-and-matte-black-vol1-zip-collection-vol-002,wb-bnd-008,https://wildbill.gumroad.com/l/wb-bnd-008,needs_update,Update Gumroad permalink to target_sku_permalink
9,Dark Luxury Red And Matte Black Vol1.Zip Collection Vol 003,Dark_Luxury_Red_And_Matte_Black_Vol1.Zip_Collection_Vol_003.zip,WB-BND-009,db_zip_filename,https://wildbill.gumroad.com/l/wildbill_dark-luxury-red-and-matte-black-vol1-zip-collection-vol-003,wildbill_dark-luxury-red-and-matte-black-vol1-zip-collection-vol-003,wb-bnd-009,https://wildbill.gumroad.com/l/wb-bnd-009,needs_update,Update Gumroad permalink to target_sku_permalink
10,Minimalist High Contrast Crimson Vol1.Zip Collection Vol 001,Minimalist_High_Contrast_Crimson_Vol1.Zip_Collection_Vol_001.zip,WB-BND-010,db_zip_filename,https://wildbill.gumroad.com/l/wildbill_minimalist-high-contrast-crimson-vol1-zip-collection-vol-001,wildbill_minimalist-high-contrast-crimson-vol1-zip-collection-vol-001,wb-bnd-010,https://wildbill.gumroad.com/l/wb-bnd-010,needs_update,Update Gumroad permalink to target_sku_permalink
11,Minimalist High Contrast Crimson Vol1.Zip Collection Vol 002,Minimalist_High_Contrast_Crimson_Vol1.Zip_Collection_Vol_002.zip,WB-BND-011,db_zip_filename,https://wildbill.gumroad.com/l/wildbill_minimalist-high-contrast-crimson-vol1-zip-collection-vol-002,wildbill_minimalist-high-contrast-crimson-vol1-zip-collection-vol-002,wb-bnd-011,https://wildbill.gumroad.com/l/wb-bnd-011,needs_update,Update Gumroad permalink to target_sku_permalink
12,Minimalist High Contrast Crimson Vol1.Zip Collection Vol 003,Minimalist_High_Contrast_Crimson_Vol1.Zip_Collection_Vol_003.zip,WB-BND-012,db_zip_filename,https://wildbill.gumroad.com/l/wildbill_minimalist-high-contrast-crimson-vol1-zip-collection-vol-003,wildbill_minimalist-high-contrast-crimson-vol1-zip-collection-vol-003,wb-bnd-012,https://wildbill.gumroad.com/l/wb-bnd-012,needs_update,Update Gumroad permalink to target_sku_permalink
13,Minimalist High Contrast Crimson Vol1.Zip Collection Vol 004,Minimalist_High_Contrast_Crimson_Vol1.Zip_Collection_Vol_004.zip,WB-BND-013,db_zip_filename,https://wildbill.gumroad.com/l/wildbill_minimalist-high-contrast-crimson-vol1-zip-collection-vol-004,wildbill_minimalist-high-contrast-crimson-vol1-zip-collection-vol-004,wb-bnd-013,https://wildbill.gumroad.com/l/wb-bnd-013,needs_update,Update Gumroad permalink to target_sku_permalink
14,Glitchcore Cyber Web Vector Vol1.Zip Collection Vol 001,Glitchcore_Cyber_Web_Vector_Vol1.Zip_Collection_Vol_001.zip,WB-BND-014,db_zip_filename,https://wildbill.gumroad.com/l/wildbill_glitchcore-cyber-web-vector-vol1-zip-collection-vol-001,wildbill_glitchcore-cyber-web-vector-vol1-zip-collection-vol-001,wb-bnd-014,https://wildbill.gumroad.com/l/wb-bnd-014,needs_update,Update Gumroad permalink to target_sku_permalink
15,Glitchcore Cyber Web Vector Vol1.Zip Collection Vol 002,Glitchcore_Cyber_Web_Vector_Vol1.Zip_Collection_Vol_002.zip,WB-BND-015,db_zip_filename,https://wildbill.gumroad.com/l/wildbill_glitchcore-cyber-web-vector-vol1-zip-collection-vol-002,wildbill_glitchcore-cyber-web-vector-vol1-zip-collection-vol-002,wb-bnd-015,https://wildbill.gumroad.com/l/wb-bnd-015,needs_update,Update Gumroad permalink to target_sku_permalink
16,Gothic Luxury Velvet Vol1.Zip Collection Vol 001,Gothic_Luxury_Velvet_Vol1.Zip_Collection_Vol_001.zip,WB-BND-016,db_zip_filename,https://wildbill.gumroad.com/l/wildbill_gothic-luxury-velvet-vol1-zip-collection-vol-001,wildbill_gothic-luxury-velvet-vol1-zip-collection-vol-001,wb-bnd-016,https://wildbill.gumroad.com/l/wb-bnd-016,needs_update,Update Gumroad permalink to target_sku_permalink
17,Gothic Luxury Velvet Vol1.Zip Collection Vol 002,Gothic_Luxury_Velvet_Vol1.Zip_Collection_Vol_002.zip,WB-BND-017,db_zip_filename,https://wildbill.gumroad.com/l/wildbill_gothic-luxury-velvet-vol1-zip-collection-vol-002,wildbill_gothic-luxury-velvet-vol1-zip-collection-vol-002,wb-bnd-017,https://wildbill.gumroad.com/l/wb-bnd-017,needs_update,Update Gumroad permalink to target_sku_permalink
18,Gothic Luxury Velvet Vol1.Zip Collection Vol 003,Gothic_Luxury_Velvet_Vol1.Zip_Collection_Vol_003.zip,WB-BND-018,db_zip_filename,https://wildbill.gumroad.com/l/wildbill_gothic-luxury-velvet-vol1-zip-collection-vol-003,wildbill_gothic-luxury-velvet-vol1-zip-collection-vol-003,wb-bnd-018,https://wildbill.gumroad.com/l/wb-bnd-018,needs_update,Update Gumroad permalink to target_sku_permalink
19,Crimson Cyberpunk Fetish Vol1.Zip Collection Vol 001,Crimson_Cyberpunk_Fetish_Vol1.Zip_Collection_Vol_001.zip,WB-BND-019,db_zip_filename,https://wildbill.gumroad.com/l/wildbill_crimson-cyberpunk-fetish-vol1-zip-collection-vol-001,wildbill_crimson-cyberpunk-fetish-vol1-zip-collection-vol-001,wb-bnd-019,https://wildbill.gumroad.com/l/wb-bnd-019,needs_update,Update Gumroad permalink to target_sku_permalink
20,Crimson Cyberpunk Fetish Vol1.Zip Collection Vol 002,Crimson_Cyberpunk_Fetish_Vol1.Zip_Collection_Vol_002.zip,WB-BND-020,db_zip_filename,https://wildbill.gumroad.com/l/wildbill_crimson-cyberpunk-fetish-vol1-zip-collection-vol-002,wildbill_crimson-cyberpunk-fetish-vol1-zip-collection-vol-002,wb-bnd-020,https://wildbill.gumroad.com/l/wb-bnd-020,needs_update,Update Gumroad permalink to target_sku_permalink
21,Crimson Cyberpunk Fetish Vol1.Zip Collection Vol 003,Crimson_Cyberpunk_Fetish_Vol1.Zip_Collection_Vol_003.zip,WB-BND-021,db_zip_filename,https://wildbill.gumroad.com/l/wildbill_crimson-cyberpunk-fetish-vol1-zip-collection-vol-003,wildbill_crimson-cyberpunk-fetish-vol1-zip-collection-vol-003,wb-bnd-021,https://wildbill.gumroad.com/l/wb-bnd-021,needs_update,Update Gumroad permalink to target_sku_permalink
22,Dreamy Enchanted Garden Vol1.Zip Collection Vol 001,Dreamy_Enchanted_Garden_Vol1.Zip_Collection_Vol_001.zip,WB-BND-022,db_zip_filename,https://wildbill.gumroad.com/l/wildbill_dreamy-enchanted-garden-vol1-zip-collection-vol-001,wildbill_dreamy-enchanted-garden-vol1-zip-collection-vol-001,wb-bnd-022,https://wildbill.gumroad.com/l/wb-bnd-022,needs_update,Update Gumroad permalink to target_sku_permalink
23,Dreamy Enchanted Garden Vol1.Zip Collection Vol 002,Dreamy_Enchanted_Garden_Vol1.Zip_Collection_Vol_002.zip,WB-BND-023,db_zip_filename,https://wildbill.gumroad.com/l/wildbill_dreamy-enchanted-garden-vol1-zip-collection-vol-002,wildbill_dreamy-enchanted-garden-vol1-zip-collection-vol-002,wb-bnd-023,https://wildbill.gumroad.com/l/wb-bnd-023,needs_update,Update Gumroad permalink to target_sku_permalink
24,Grimy Streetwear Alternative Vol1.Zip Collection Vol 001,Grimy_Streetwear_Alternative_Vol1.Zip_Collection_Vol_001.zip,WB-BND-024,db_zip_filename,https://wildbill.gumroad.com/l/wildbill_grimy-streetwear-alternative-vol1-zip-collection-vol-001,wildbill_grimy-streetwear-alternative-vol1-zip-collection-vol-001,wb-bnd-024,https://wildbill.gumroad.com/l/wb-bnd-024,needs_update,Update Gumroad permalink to target_sku_permalink
25,Grimy Streetwear Alternative Vol1.Zip Collection Vol 002,Grimy_Streetwear_Alternative_Vol1.Zip_Collection_Vol_002.zip,WB-BND-025,db_zip_filename,https://wildbill.gumroad.com/l/wildbill_grimy-streetwear-alternative-vol1-zip-collection-vol-002,wildbill_grimy-streetwear-alternative-vol1-zip-collection-vol-002,wb-bnd-025,https://wildbill.gumroad.com/l/wb-bnd-025,needs_update,Update Gumroad permalink to target_sku_permalink
26,Grimy Streetwear Alternative Vol1.Zip Collection Vol 003,Grimy_Streetwear_Alternative_Vol1.Zip_Collection_Vol_003.zip,WB-BND-026,db_zip_filename,https://wildbill.gumroad.com/l/wildbill_grimy-streetwear-alternative-vol1-zip-collection-vol-003,wildbill_grimy-streetwear-alternative-vol1-zip-collection-vol-003,wb-bnd-026,https://wildbill.gumroad.com/l/wb-bnd-026,needs_update,Update Gumroad permalink to target_sku_permalink
27,Dystopian Cyberpunk Noir Vol1.Zip Collection Vol 001,Dystopian_Cyberpunk_Noir_Vol1.Zip_Collection_Vol_001.zip,WB-BND-027,db_zip_filename,https://wildbill.gumroad.com/l/wildbill_dystopian-cyberpunk-noir-vol1-zip-collection-vol-001,wildbill_dystopian-cyberpunk-noir-vol1-zip-collection-vol-001,wb-bnd-027,https://wildbill.gumroad.com/l/wb-bnd-027,needs_update,Update Gumroad permalink to target_sku_permalink
28,Dystopian Cyberpunk Noir Vol1.Zip Collection Vol 002,Dystopian_Cyberpunk_Noir_Vol1.Zip_Collection_Vol_002.zip,WB-BND-028,db_zip_filename,https://wildbill.gumroad.com/l/wildbill_dystopian-cyberpunk-noir-vol1-zip-collection-vol-002,wildbill_dystopian-cyberpunk-noir-vol1-zip-collection-vol-002,wb-bnd-028,https://wildbill.gumroad.com/l/wb-bnd-028,needs_update,Update Gumroad permalink to target_sku_permalink
29,Dystopian Cyberpunk Noir Vol1.Zip Collection Vol 003,Dystopian_Cyberpunk_Noir_Vol1.Zip_Collection_Vol_003.zip,WB-BND-029,db_zip_filename,https://wildbill.gumroad.com/l/wildbill_dystopian-cyberpunk-noir-vol1-zip-collection-vol-003,wildbill_dystopian-cyberpunk-noir-vol1-zip-collection-vol-003,wb-bnd-029,https://wildbill.gumroad.com/l/wb-bnd-029,needs_update,Update Gumroad permalink to target_sku_permalink
30,Industrial Metal And Lace Vol1.Zip Collection Vol 001,Industrial_Metal_And_Lace_Vol1.Zip_Collection_Vol_001.zip,WB-BND-030,db_zip_filename,https://wildbill.gumroad.com/l/wildbill_industrial-metal-and-lace-vol1-zip-collection-vol-001,wildbill_industrial-metal-and-lace-vol1-zip-collection-vol-001,wb-bnd-030,https://wildbill.gumroad.com/l/wb-bnd-030,needs_update,Update Gumroad permalink to target_sku_permalink
31,Industrial Metal And Lace Vol1.Zip Collection Vol 002,Industrial_Metal_And_Lace_Vol1.Zip_Collection_Vol_002.zip,WB-BND-031,db_zip_filename,https://wildbill.gumroad.com/l/wildbill_industrial-metal-and-lace-vol1-zip-collection-vol-002,wildbill_industrial-metal-and-lace-vol1-zip-collection-vol-002,wb-bnd-031,https://wildbill.gumroad.com/l/wb-bnd-031,needs_update,Update Gumroad permalink to target_sku_permalink
32,Industrial Metal And Lace Vol1.Zip Collection Vol 003,Industrial_Metal_And_Lace_Vol1.Zip_Collection_Vol_003.zip,WB-BND-032,db_zip_filename,https://wildbill.gumroad.com/l/wildbill_industrial-metal-and-lace-vol1-zip-collection-vol-003,wildbill_industrial-metal-and-lace-vol1-zip-collection-vol-003,wb-bnd-032,https://wildbill.gumroad.com/l/wb-bnd-032,needs_update,Update Gumroad permalink to target_sku_permalink
33,Midnight Garden Soiree Vol1.Zip Collection Vol 001,Midnight_Garden_Soiree_Vol1.Zip_Collection_Vol_001.zip,WB-BND-033,db_zip_filename,https://wildbill.gumroad.com/l/wildbill_midnight-garden-soiree-vol1-zip-collection-vol-001,wildbill_midnight-garden-soiree-vol1-zip-collection-vol-001,wb-bnd-033,https://wildbill.gumroad.com/l/wb-bnd-033,needs_update,Update Gumroad permalink to target_sku_permalink
34,Vaporwave Synthwave Fetish Vol1.Zip Collection Vol 001,Vaporwave_Synthwave_Fetish_Vol1.Zip_Collection_Vol_001.zip,WB-BND-034,db_zip_filename,https://wildbill.gumroad.com/l/wildbill_vaporwave-synthwave-fetish-vol1-zip-collection-vol-001,wildbill_vaporwave-synthwave-fetish-vol1-zip-collection-vol-001,wb-bnd-034,https://wildbill.gumroad.com/l/wb-bnd-034,needs_update,Update Gumroad permalink to target_sku_permalink
35,Vaporwave Synthwave Fetish Vol1.Zip Collection Vol 002,Vaporwave_Synthwave_Fetish_Vol1.Zip_Collection_Vol_002.zip,WB-BND-035,db_zip_filename,https://wildbill.gumroad.com/l/wildbill_vaporwave-synthwave-fetish-vol1-zip-collection-vol-002,wildbill_vaporwave-synthwave-fetish-vol1-zip-collection-vol-002,wb-bnd-035,https://wildbill.gumroad.com/l/wb-bnd-035,needs_update,Update Gumroad permalink to target_sku_permalink
36,Steamy Beach Getaway Vol1.Zip Collection Vol 001,Steamy_Beach_Getaway_Vol1.Zip_Collection_Vol_001.zip,WB-BND-036,db_zip_filename,https://wildbill.gumroad.com/l/wildbill_steamy-beach-getaway-vol1-zip-collection-vol-001,wildbill_steamy-beach-getaway-vol1-zip-collection-vol-001,wb-bnd-036,https://wildbill.gumroad.com/l/wb-bnd-036,needs_update,Update Gumroad permalink to target_sku_permalink
37,Y2K Acid Glitch Vector Vol1.Zip Collection Vol 001,Y2K_Acid_Glitch_Vector_Vol1.Zip_Collection_Vol_001.zip,WB-BND-037,db_zip_filename,https://wildbill.gumroad.com/l/wildbill_y2k-acid-glitch-vector-vol1-zip-collection-vol-001,wildbill_y2k-acid-glitch-vector-vol1-zip-collection-vol-001,wb-bnd-037,https://wildbill.gumroad.com/l/wb-bnd-037,needs_update,Update Gumroad permalink to target_sku_permalink
38,Aesthetic Lofi Chill Pixel Vol1.Zip Collection Vol 001,Aesthetic_Lofi_Chill_Pixel_Vol1.Zip_Collection_Vol_001.zip,WB-BND-038,db_zip_filename,https://wildbill.gumroad.com/l/wildbill_aesthetic-lofi-chill-pixel-vol1-zip-collection-vol-001,wildbill_aesthetic-lofi-chill-pixel-vol1-zip-collection-vol-001,wb-bnd-038,https://wildbill.gumroad.com/l/wb-bnd-038,needs_update,Update Gumroad permalink to target_sku_permalink
39,Neon Alternative Gothic Vol1.Zip Collection Vol 001,Neon_Alternative_Gothic_Vol1.Zip_Collection_Vol_001.zip,WB-BND-039,db_zip_filename,https://wildbill.gumroad.com/l/wildbill_neon-alternative-gothic-vol1-zip-collection-vol-001,wildbill_neon-alternative-gothic-vol1-zip-collection-vol-001,wb-bnd-039,https://wildbill.gumroad.com/l/wb-bnd-039,needs_update,Update Gumroad permalink to target_sku_permalink
40,Neon Alternative Gothic Vol1.Zip Collection Vol 002,Neon_Alternative_Gothic_Vol1.Zip_Collection_Vol_002.zip,WB-BND-040,db_zip_filename,https://wildbill.gumroad.com/l/wildbill_neon-alternative-gothic-vol1-zip-collection-vol-002,wildbill_neon-alternative-gothic-vol1-zip-collection-vol-002,wb-bnd-040,https://wildbill.gumroad.com/l/wb-bnd-040,needs_update,Update Gumroad permalink to target_sku_permalink
41,Neon Alternative Gothic Vol1.Zip Collection Vol 003,Neon_Alternative_Gothic_Vol1.Zip_Collection_Vol_003.zip,WB-BND-041,db_zip_filename,https://wildbill.gumroad.com/l/wildbill_neon-alternative-gothic-vol1-zip-collection-vol-003,wildbill_neon-alternative-gothic-vol1-zip-collection-vol-003,wb-bnd-041,https://wildbill.gumroad.com/l/wb-bnd-041,needs_update,Update Gumroad permalink to target_sku_permalink
42,Erotic Rooftop Lounge Vol1.Zip Collection Vol 001,Erotic_Rooftop_Lounge_Vol1.Zip_Collection_Vol_001.zip,WB-BND-042,db_zip_filename,https://wildbill.gumroad.com/l/wildbill_erotic-rooftop-lounge-vol1-zip-collection-vol-001,wildbill_erotic-rooftop-lounge-vol1-zip-collection-vol-001,wb-bnd-042,https://wildbill.gumroad.com/l/wb-bnd-042,needs_update,Update Gumroad permalink to target_sku_permalink
43,Erotic Rooftop Lounge Vol1.Zip Collection Vol 002,Erotic_Rooftop_Lounge_Vol1.Zip_Collection_Vol_002.zip,WB-BND-043,db_zip_filename,https://wildbill.gumroad.com/l/wildbill_erotic-rooftop-lounge-vol1-zip-collection-vol-002,wildbill_erotic-rooftop-lounge-vol1-zip-collection-vol-002,wb-bnd-043,https://wildbill.gumroad.com/l/wb-bnd-043,needs_update,Update Gumroad permalink to target_sku_permalink
44,Decadent Underground Lair Vol1.Zip Collection Vol 001,Decadent_Underground_Lair_Vol1.Zip_Collection_Vol_001.zip,WB-BND-044,db_zip_filename,https://wildbill.gumroad.com/l/wildbill_decadent-underground-lair-vol1-zip-collection-vol-001,wildbill_decadent-underground-lair-vol1-zip-collection-vol-001,wb-bnd-044,https://wildbill.gumroad.com/l/wb-bnd-044,needs_update,Update Gumroad permalink to target_sku_permalink
45,Decadent Underground Lair Vol1.Zip Collection Vol 002,Decadent_Underground_Lair_Vol1.Zip_Collection_Vol_002.zip,WB-BND-045,db_zip_filename,https://wildbill.gumroad.com/l/wildbill_decadent-underground-lair-vol1-zip-collection-vol-002,wildbill_decadent-underground-lair-vol1-zip-collection-vol-002,wb-bnd-045,https://wildbill.gumroad.com/l/wb-bnd-045,needs_update,Update Gumroad permalink to target_sku_permalink
46,Grimdark Elden Fantasy Vol1.Zip Collection Vol 001,Grimdark_Elden_Fantasy_Vol1.Zip_Collection_Vol_001.zip,WB-BND-046,db_zip_filename,https://wildbill.gumroad.com/l/wildbill_grimdark-elden-fantasy-vol1-zip-collection-vol-001,wildbill_grimdark-elden-fantasy-vol1-zip-collection-vol-001,wb-bnd-046,https://wildbill.gumroad.com/l/wb-bnd-046,needs_update,Update Gumroad permalink to target_sku_permalink
47,Grimdark Elden Fantasy Vol1.Zip Collection Vol 002,Grimdark_Elden_Fantasy_Vol1.Zip_Collection_Vol_002.zip,WB-BND-047,db_zip_filename,https://wildbill.gumroad.com/l/wildbill_grimdark-elden-fantasy-vol1-zip-collection-vol-002,wildbill_grimdark-elden-fantasy-vol1-zip-collection-vol-002,wb-bnd-047,https://wildbill.gumroad.com/l/wb-bnd-047,needs_update,Update Gumroad permalink to target_sku_permalink
48,Electric Pocket Monster Mech Vol1.Zip Collection Vol 001,Electric_Pocket_Monster_Mech_Vol1.Zip_Collection_Vol_001.zip,WB-BND-048,db_zip_filename,https://wildbill.gumroad.com/l/wildbill_electric-pocket-monster-mech-vol1-zip-collection-vol-001,wildbill_electric-pocket-monster-mech-vol1-zip-collection-vol-001,wb-bnd-048,https://wildbill.gumroad.com/l/wb-bnd-048,needs_update,Update Gumroad permalink to target_sku_permalink
49,Cyberpunk Vol1.Zip Collection Vol 001,Cyberpunk_Vol1.Zip_Collection_Vol_001.zip,WB-BND-049,db_zip_filename,https://wildbill.gumroad.com/l/wildbill_cyberpunk-vol1-zip-collection-vol-001,wildbill_cyberpunk-vol1-zip-collection-vol-001,wb-bnd-049,https://wildbill.gumroad.com/l/wb-bnd-049,needs_update,Update Gumroad permalink to target_sku_permalink
50,Cyberpunk Vol1.Zip Collection Vol 002,Cyberpunk_Vol1.Zip_Collection_Vol_002.zip,WB-BND-050,db_zip_filename,https://wildbill.gumroad.com/l/wildbill_cyberpunk-vol1-zip-collection-vol-002,wildbill_cyberpunk-vol1-zip-collection-vol-002,wb-bnd-050,https://wildbill.gumroad.com/l/wb-bnd-050,needs_update,Update Gumroad permalink to target_sku_permalink
51,Cyberpunk Vol1.Zip Collection Vol 003,Cyberpunk_Vol1.Zip_Collection_Vol_003.zip,WB-BND-051,db_zip_filename,https://wildbill.gumroad.com/l/wildbill_cyberpunk-vol1-zip-collection-vol-003,wildbill_cyberpunk-vol1-zip-collection-vol-003,wb-bnd-051,https://wildbill.gumroad.com/l/wb-bnd-051,needs_update,Update Gumroad permalink to target_sku_permalink
52,Cyberpunk Vol1.Zip Collection Vol 004,Cyberpunk_Vol1.Zip_Collection_Vol_004.zip,WB-BND-052,db_zip_filename,https://wildbill.gumroad.com/l/wildbill_cyberpunk-vol1-zip-collection-vol-004,wildbill_cyberpunk-vol1-zip-collection-vol-004,wb-bnd-052,https://wildbill.gumroad.com/l/wb-bnd-052,needs_update,Update Gumroad permalink to target_sku_permalink
53,Cyberpunk Vol1.Zip Collection Vol 005,Cyberpunk_Vol1.Zip_Collection_Vol_005.zip,WB-BND-053,db_zip_filename,https://wildbill.gumroad.com/l/wildbill_cyberpunk-vol1-zip-collection-vol-005,wildbill_cyberpunk-vol1-zip-collection-vol-005,wb-bnd-053,https://wildbill.gumroad.com/l/wb-bnd-053,needs_update,Update Gumroad permalink to target_sku_permalink
54,Cyberpunk Vol2.Zip Collection Vol 001,Cyberpunk_Vol2.Zip_Collection_Vol_001.zip,WB-BND-054,db_zip_filename,https://wildbill.gumroad.com/l/wildbill_cyberpunk-vol2-zip-collection-vol-001,wildbill_cyberpunk-vol2-zip-collection-vol-001,wb-bnd-054,https://wildbill.gumroad.com/l/wb-bnd-054,needs_update,Update Gumroad permalink to target_sku_permalink
55,Power Dynamics Smooth Kit Vol1.Zip Collection Vol 001,Power_Dynamics_Smooth_Kit_Vol1.Zip_Collection_Vol_001.zip,WB-BND-055,db_zip_filename,https://wildbill.gumroad.com/l/wildbill_power-dynamics-smooth-kit-vol1-zip-collection-vol-001,wildbill_power-dynamics-smooth-kit-vol1-zip-collection-vol-001,wb-bnd-055,https://wildbill.gumroad.com/l/wb-bnd-055,needs_update,Update Gumroad permalink to target_sku_permalink
56,Art Vol1.Zip Collection Vol 001,Art_Vol1.Zip_Collection_Vol_001.zip,WB-BND-056,db_zip_filename,https://wildbill.gumroad.com/l/wildbill_art-vol1-zip-collection-vol-001,wildbill_art-vol1-zip-collection-vol-001,wb-bnd-056,https://wildbill.gumroad.com/l/wb-bnd-056,needs_update,Update Gumroad permalink to target_sku_permalink
57,Art Vol1.Zip Collection Vol 002,Art_Vol1.Zip_Collection_Vol_002.zip,WB-BND-057,db_zip_filename,https://wildbill.gumroad.com/l/wildbill_art-vol1-zip-collection-vol-002,wildbill_art-vol1-zip-collection-vol-002,wb-bnd-057,https://wildbill.gumroad.com/l/wb-bnd-057,needs_update,Update Gumroad permalink to target_sku_permalink
58,Art Vol1.Zip Collection Vol 003,Art_Vol1.Zip_Collection_Vol_003.zip,WB-BND-058,db_zip_filename,https://wildbill.gumroad.com/l/wildbill_art-vol1-zip-collection-vol-003,wildbill_art-vol1-zip-collection-vol-003,wb-bnd-058,https://wildbill.gumroad.com/l/wb-bnd-058,needs_update,Update Gumroad permalink to target_sku_permalink
59,Art Vol1.Zip Collection Vol 004,Art_Vol1.Zip_Collection_Vol_004.zip,WB-BND-059,db_zip_filename,https://wildbill.gumroad.com/l/wildbill_art-vol1-zip-collection-vol-004,wildbill_art-vol1-zip-collection-vol-004,wb-bnd-059,https://wildbill.gumroad.com/l/wb-bnd-059,needs_update,Update Gumroad permalink to target_sku_permalink
60,Art Vol1.Zip Collection Vol 005,Art_Vol1.Zip_Collection_Vol_005.zip,WB-BND-060,db_zip_filename,https://wildbill.gumroad.com/l/wildbill_art-vol1-zip-collection-vol-005,wildbill_art-vol1-zip-collection-vol-005,wb-bnd-060,https://wildbill.gumroad.com/l/wb-bnd-060,needs_update,Update Gumroad permalink to target_sku_permalink
61,Art Vol10.Zip Collection Vol 001,Art_Vol10.Zip_Collection_Vol_001.zip,WB-BND-061,db_zip_filename,https://wildbill.gumroad.com/l/wildbill_art-vol10-zip-collection-vol-001,wildbill_art-vol10-zip-collection-vol-001,wb-bnd-061,https://wildbill.gumroad.com/l/wb-bnd-061,needs_update,Update Gumroad permalink to target_sku_permalink
62,Art Vol10.Zip Collection Vol 002,Art_Vol10.Zip_Collection_Vol_002.zip,WB-BND-062,db_zip_filename,https://wildbill.gumroad.com/l/wildbill_art-vol10-zip-collection-vol-002,wildbill_art-vol10-zip-collection-vol-002,wb-bnd-062,https://wildbill.gumroad.com/l/wb-bnd-062,needs_update,Update Gumroad permalink to target_sku_permalink
63,Art Vol10.Zip Collection Vol 003,Art_Vol10.Zip_Collection_Vol_003.zip,WB-BND-063,db_zip_filename,https://wildbill.gumroad.com/l/wildbill_art-vol10-zip-collection-vol-003,wildbill_art-vol10-zip-collection-vol-003,wb-bnd-063,https://wildbill.gumroad.com/l/wb-bnd-063,needs_update,Update Gumroad permalink to target_sku_permalink
64,Art Vol10.Zip Collection Vol 004,Art_Vol10.Zip_Collection_Vol_004.zip,WB-BND-064,db_zip_filename,https://wildbill.gumroad.com/l/wildbill_art-vol10-zip-collection-vol-004,wildbill_art-vol10-zip-collection-vol-004,wb-bnd-064,https://wildbill.gumroad.com/l/wb-bnd-064,needs_update,Update Gumroad permalink to target_sku_permalink
65,Art Vol10.Zip Collection Vol 005,Art_Vol10.Zip_Collection_Vol_005.zip,WB-BND-065,db_zip_filename,https://wildbill.gumroad.com/l/wildbill_art-vol10-zip-collection-vol-005,wildbill_art-vol10-zip-collection-vol-005,wb-bnd-065,https://wildbill.gumroad.com/l/wb-bnd-065,needs_update,Update Gumroad permalink to target_sku_permalink
66,Art Vol11.Zip Collection Vol 001,Art_Vol11.Zip_Collection_Vol_001.zip,WB-BND-066,db_zip_filename,https://wildbill.gumroad.com/l/wildbill_art-vol11-zip-collection-vol-001,wildbill_art-vol11-zip-collection-vol-001,wb-bnd-066,https://wildbill.gumroad.com/l/wb-bnd-066,needs_update,Update Gumroad permalink to target_sku_permalink
67,Art Vol11.Zip Collection Vol 002,Art_Vol11.Zip_Collection_Vol_002.zip,WB-BND-067,db_zip_filename,https://wildbill.gumroad.com/l/wildbill_art-vol11-zip-collection-vol-002,wildbill_art-vol11-zip-collection-vol-002,wb-bnd-067,https://wildbill.gumroad.com/l/wb-bnd-067,needs_update,Update Gumroad permalink to target_sku_permalink
68,Art Vol11.Zip Collection Vol 003,Art_Vol11.Zip_Collection_Vol_003.zip,WB-BND-068,db_zip_filename,https://wildbill.gumroad.com/l/wildbill_art-vol11-zip-collection-vol-003,wildbill_art-vol11-zip-collection-vol-003,wb-bnd-068,https://wildbill.gumroad.com/l/wb-bnd-068,needs_update,Update Gumroad permalink to target_sku_permalink
69,Art Vol11.Zip Collection Vol 004,Art_Vol11.Zip_Collection_Vol_004.zip,WB-BND-069,db_zip_filename,https://wildbill.gumroad.com/l/wildbill_art-vol11-zip-collection-vol-004,wildbill_art-vol11-zip-collection-vol-004,wb-bnd-069,https://wildbill.gumroad.com/l/wb-bnd-069,needs_update,Update Gumroad permalink to target_sku_permalink
70,Art Vol11.Zip Collection Vol 005,Art_Vol11.Zip_Collection_Vol_005.zip,WB-BND-070,db_zip_filename,https://wildbill.gumroad.com/l/wildbill_art-vol11-zip-collection-vol-005,wildbill_art-vol11-zip-collection-vol-005,wb-bnd-070,https://wildbill.gumroad.com/l/wb-bnd-070,needs_update,Update Gumroad permalink to target_sku_permalink
71,Art Vol12.Zip Collection Vol 001,Art_Vol12.Zip_Collection_Vol_001.zip,WB-BND-071,db_zip_filename,https://wildbill.gumroad.com/l/wildbill_art-vol12-zip-collection-vol-001,wildbill_art-vol12-zip-collection-vol-001,wb-bnd-071,https://wildbill.gumroad.com/l/wb-bnd-071,needs_update,Update Gumroad permalink to target_sku_permalink
72,Art Vol12.Zip Collection Vol 002,Art_Vol12.Zip_Collection_Vol_002.zip,WB-BND-072,db_zip_filename,https://wildbill.gumroad.com/l/wildbill_art-vol12-zip-collection-vol-002,wildbill_art-vol12-zip-collection-vol-002,wb-bnd-072,https://wildbill.gumroad.com/l/wb-bnd-072,needs_update,Update Gumroad permalink to target_sku_permalink
73,Art Vol2.Zip Collection Vol 001,Art_Vol2.Zip_Collection_Vol_001.zip,WB-BND-073,db_zip_filename,https://wildbill.gumroad.com/l/wildbill_art-vol2-zip-collection-vol-001,wildbill_art-vol2-zip-collection-vol-001,wb-bnd-073,https://wildbill.gumroad.com/l/wb-bnd-073,needs_update,Update Gumroad permalink to target_sku_permalink
74,Art Vol2.Zip Collection Vol 002,Art_Vol2.Zip_Collection_Vol_002.zip,WB-BND-074,db_zip_filename,https://wildbill.gumroad.com/l/wildbill_art-vol2-zip-collection-vol-002,wildbill_art-vol2-zip-collection-vol-002,wb-bnd-074,https://wildbill.gumroad.com/l/wb-bnd-074,needs_update,Update Gumroad permalink to target_sku_permalink
75,Art Vol2.Zip Collection Vol 003,Art_Vol2.Zip_Collection_Vol_003.zip,WB-BND-075,db_zip_filename,https://wildbill.gumroad.com/l/wildbill_art-vol2-zip-collection-vol-003,wildbill_art-vol2-zip-collection-vol-003,wb-bnd-075,https://wildbill.gumroad.com/l/wb-bnd-075,needs_update,Update Gumroad permalink to target_sku_permalink
76,Art Vol2.Zip Collection Vol 004,Art_Vol2.Zip_Collection_Vol_004.zip,WB-BND-076,db_zip_filename,https://wildbill.gumroad.com/l/wildbill_art-vol2-zip-collection-vol-004,wildbill_art-vol2-zip-collection-vol-004,wb-bnd-076,https://wildbill.gumroad.com/l/wb-bnd-076,needs_update,Update Gumroad permalink to target_sku_permalink
77,Art Vol2.Zip Collection Vol 005,Art_Vol2.Zip_Collection_Vol_005.zip,WB-BND-077,db_zip_filename,https://wildbill.gumroad.com/l/wildbill_art-vol2-zip-collection-vol-005,wildbill_art-vol2-zip-collection-vol-005,wb-bnd-077,https://wildbill.gumroad.com/l/wb-bnd-077,needs_update,Update Gumroad permalink to target_sku_permalink
78,Art Vol3.Zip Collection Vol 001,Art_Vol3.Zip_Collection_Vol_001.zip,WB-BND-078,db_zip_filename,https://wildbill.gumroad.com/l/wildbill_art-vol3-zip-collection-vol-001,wildbill_art-vol3-zip-collection-vol-001,wb-bnd-078,https://wildbill.gumroad.com/l/wb-bnd-078,needs_update,Update Gumroad permalink to target_sku_permalink
79,Art Vol3.Zip Collection Vol 002,Art_Vol3.Zip_Collection_Vol_002.zip,WB-BND-079,db_zip_filename,https://wildbill.gumroad.com/l/wildbill_art-vol3-zip-collection-vol-002,wildbill_art-vol3-zip-collection-vol-002,wb-bnd-079,https://wildbill.gumroad.com/l/wb-bnd-079,needs_update,Update Gumroad permalink to target_sku_permalink
80,Art Vol3.Zip Collection Vol 003,Art_Vol3.Zip_Collection_Vol_003.zip,WB-BND-080,db_zip_filename,https://wildbill.gumroad.com/l/wildbill_art-vol3-zip-collection-vol-003,wildbill_art-vol3-zip-collection-vol-003,wb-bnd-080,https://wildbill.gumroad.com/l/wb-bnd-080,needs_update,Update Gumroad permalink to target_sku_permalink
81,Art Vol3.Zip Collection Vol 004,Art_Vol3.Zip_Collection_Vol_004.zip,WB-BND-081,db_zip_filename,https://wildbill.gumroad.com/l/wildbill_art-vol3-zip-collection-vol-004,wildbill_art-vol3-zip-collection-vol-004,wb-bnd-081,https://wildbill.gumroad.com/l/wb-bnd-081,needs_update,Update Gumroad permalink to target_sku_permalink
82,Art Vol3.Zip Collection Vol 005,Art_Vol3.Zip_Collection_Vol_005.zip,WB-BND-082,db_zip_filename,https://wildbill.gumroad.com/l/wildbill_art-vol3-zip-collection-vol-005,wildbill_art-vol3-zip-collection-vol-005,wb-bnd-082,https://wildbill.gumroad.com/l/wb-bnd-082,needs_update,Update Gumroad permalink to target_sku_permalink
83,Art Vol4.Zip Collection Vol 001,Art_Vol4.Zip_Collection_Vol_001.zip,WB-BND-083,db_zip_filename,https://wildbill.gumroad.com/l/wildbill_art-vol4-zip-collection-vol-001,wildbill_art-vol4-zip-collection-vol-001,wb-bnd-083,https://wildbill.gumroad.com/l/wb-bnd-083,needs_update,Update Gumroad permalink to target_sku_permalink
84,Art Vol4.Zip Collection Vol 002,Art_Vol4.Zip_Collection_Vol_002.zip,WB-BND-084,db_zip_filename,https://wildbill.gumroad.com/l/wildbill_art-vol4-zip-collection-vol-002,wildbill_art-vol4-zip-collection-vol-002,wb-bnd-084,https://wildbill.gumroad.com/l/wb-bnd-084,needs_update,Update Gumroad permalink to target_sku_permalink
85,Art Vol4.Zip Collection Vol 003,Art_Vol4.Zip_Collection_Vol_003.zip,WB-BND-085,db_zip_filename,https://wildbill.gumroad.com/l/wildbill_art-vol4-zip-collection-vol-003,wildbill_art-vol4-zip-collection-vol-003,wb-bnd-085,https://wildbill.gumroad.com/l/wb-bnd-085,needs_update,Update Gumroad permalink to target_sku_permalink
86,Art Vol4.Zip Collection Vol 004,Art_Vol4.Zip_Collection_Vol_004.zip,WB-BND-086,db_zip_filename,https://wildbill.gumroad.com/l/wildbill_art-vol4-zip-collection-vol-004,wildbill_art-vol4-zip-collection-vol-004,wb-bnd-086,https://wildbill.gumroad.com/l/wb-bnd-086,needs_update,Update Gumroad permalink to target_sku_permalink
87,Art Vol4.Zip Collection Vol 005,Art_Vol4.Zip_Collection_Vol_005.zip,WB-BND-087,db_zip_filename,https://wildbill.gumroad.com/l/wildbill_art-vol4-zip-collection-vol-005,wildbill_art-vol4-zip-collection-vol-005,wb-bnd-087,https://wildbill.gumroad.com/l/wb-bnd-087,needs_update,Update Gumroad permalink to target_sku_permalink
88,Art Vol5.Zip Collection Vol 001,Art_Vol5.Zip_Collection_Vol_001.zip,WB-BND-088,db_zip_filename,https://wildbill.gumroad.com/l/wildbill_art-vol5-zip-collection-vol-001,wildbill_art-vol5-zip-collection-vol-001,wb-bnd-088,https://wildbill.gumroad.com/l/wb-bnd-088,needs_update,Update Gumroad permalink to target_sku_permalink
89,Art Vol5.Zip Collection Vol 002,Art_Vol5.Zip_Collection_Vol_002.zip,WB-BND-089,db_zip_filename,https://wildbill.gumroad.com/l/wildbill_art-vol5-zip-collection-vol-002,wildbill_art-vol5-zip-collection-vol-002,wb-bnd-089,https://wildbill.gumroad.com/l/wb-bnd-089,needs_update,Update Gumroad permalink to target_sku_permalink
90,Art Vol5.Zip Collection Vol 003,Art_Vol5.Zip_Collection_Vol_003.zip,WB-BND-090,db_zip_filename,https://wildbill.gumroad.com/l/wildbill_art-vol5-zip-collection-vol-003,wildbill_art-vol5-zip-collection-vol-003,wb-bnd-090,https://wildbill.gumroad.com/l/wb-bnd-090,needs_update,Update Gumroad permalink to target_sku_permalink
91,Art Vol5.Zip Collection Vol 004,Art_Vol5.Zip_Collection_Vol_004.zip,WB-BND-091,db_zip_filename,https://wildbill.gumroad.com/l/wildbill_art-vol5-zip-collection-vol-004,wildbill_art-vol5-zip-collection-vol-004,wb-bnd-091,https://wildbill.gumroad.com/l/wb-bnd-091,needs_update,Update Gumroad permalink to target_sku_permalink
92,Art Vol5.Zip Collection Vol 005,Art_Vol5.Zip_Collection_Vol_005.zip,WB-BND-092,db_zip_filename,https://wildbill.gumroad.com/l/wildbill_art-vol5-zip-collection-vol-005,wildbill_art-vol5-zip-collection-vol-005,wb-bnd-092,https://wildbill.gumroad.com/l/wb-bnd-092,needs_update,Update Gumroad permalink to target_sku_permalink
93,Art Vol6.Zip Collection Vol 001,Art_Vol6.Zip_Collection_Vol_001.zip,WB-BND-093,db_zip_filename,https://wildbill.gumroad.com/l/wildbill_art-vol6-zip-collection-vol-001,wildbill_art-vol6-zip-collection-vol-001,wb-bnd-093,https://wildbill.gumroad.com/l/wb-bnd-093,needs_update,Update Gumroad permalink to target_sku_permalink
94,Art Vol6.Zip Collection Vol 002,Art_Vol6.Zip_Collection_Vol_002.zip,WB-BND-094,db_zip_filename,https://wildbill.gumroad.com/l/wildbill_art-vol6-zip-collection-vol-002,wildbill_art-vol6-zip-collection-vol-002,wb-bnd-094,https://wildbill.gumroad.com/l/wb-bnd-094,needs_update,Update Gumroad permalink to target_sku_permalink
95,Art Vol6.Zip Collection Vol 003,Art_Vol6.Zip_Collection_Vol_003.zip,WB-BND-095,db_zip_filename,https://wildbill.gumroad.com/l/wildbill_art-vol6-zip-collection-vol-003,wildbill_art-vol6-zip-collection-vol-003,wb-bnd-095,https://wildbill.gumroad.com/l/wb-bnd-095,needs_update,Update Gumroad permalink to target_sku_permalink
96,Art Vol6.Zip Collection Vol 004,Art_Vol6.Zip_Collection_Vol_004.zip,WB-BND-096,db_zip_filename,https://wildbill.gumroad.com/l/wildbill_art-vol6-zip-collection-vol-004,wildbill_art-vol6-zip-collection-vol-004,wb-bnd-096,https://wildbill.gumroad.com/l/wb-bnd-096,needs_update,Update Gumroad permalink to target_sku_permalink
97,Art Vol6.Zip Collection Vol 005,Art_Vol6.Zip_Collection_Vol_005.zip,WB-BND-097,db_zip_filename,https://wildbill.gumroad.com/l/wildbill_art-vol6-zip-collection-vol-005,wildbill_art-vol6-zip-collection-vol-005,wb-bnd-097,https://wildbill.gumroad.com/l/wb-bnd-097,needs_update,Update Gumroad permalink to target_sku_permalink
98,Art Vol7.Zip Collection Vol 001,Art_Vol7.Zip_Collection_Vol_001.zip,WB-BND-098,db_zip_filename,https://wildbill.gumroad.com/l/wildbill_art-vol7-zip-collection-vol-001,wildbill_art-vol7-zip-collection-vol-001,wb-bnd-098,https://wildbill.gumroad.com/l/wb-bnd-098,needs_update,Update Gumroad permalink to target_sku_permalink
99,Art Vol7.Zip Collection Vol 002,Art_Vol7.Zip_Collection_Vol_002.zip,WB-BND-099,db_zip_filename,https://wildbill.gumroad.com/l/wildbill_art-vol7-zip-collection-vol-002,wildbill_art-vol7-zip-collection-vol-002,wb-bnd-099,https://wildbill.gumroad.com/l/wb-bnd-099,needs_update,Update Gumroad permalink to target_sku_permalink
100,Art Vol7.Zip Collection Vol 003,Art_Vol7.Zip_Collection_Vol_003.zip,WB-BND-100,db_zip_filename,https://wildbill.gumroad.com/l/wildbill_art-vol7-zip-collection-vol-003,wildbill_art-vol7-zip-collection-vol-003,wb-bnd-100,https://wildbill.gumroad.com/l/wb-bnd-100,needs_update,Update Gumroad permalink to target_sku_permalink
101,Art Vol7.Zip Collection Vol 004,Art_Vol7.Zip_Collection_Vol_004.zip,WB-BND-101,db_zip_filename,https://wildbill.gumroad.com/l/wildbill_art-vol7-zip-collection-vol-004,wildbill_art-vol7-zip-collection-vol-004,wb-bnd-101,https://wildbill.gumroad.com/l/wb-bnd-101,needs_update,Update Gumroad permalink to target_sku_permalink
102,Art Vol7.Zip Collection Vol 005,Art_Vol7.Zip_Collection_Vol_005.zip,WB-BND-102,db_zip_filename,https://wildbill.gumroad.com/l/wildbill_art-vol7-zip-collection-vol-005,wildbill_art-vol7-zip-collection-vol-005,wb-bnd-102,https://wildbill.gumroad.com/l/wb-bnd-102,needs_update,Update Gumroad permalink to target_sku_permalink
103,Art Vol9.Zip Collection Vol 001,Art_Vol9.Zip_Collection_Vol_001.zip,WB-BND-103,db_zip_filename,https://wildbill.gumroad.com/l/wildbill_art-vol9-zip-collection-vol-001,wildbill_art-vol9-zip-collection-vol-001,wb-bnd-103,https://wildbill.gumroad.com/l/wb-bnd-103,needs_update,Update Gumroad permalink to target_sku_permalink
104,Art Vol9.Zip Collection Vol 002,Art_Vol9.Zip_Collection_Vol_002.zip,WB-BND-104,db_zip_filename,https://wildbill.gumroad.com/l/wildbill_art-vol9-zip-collection-vol-002,wildbill_art-vol9-zip-collection-vol-002,wb-bnd-104,https://wildbill.gumroad.com/l/wb-bnd-104,needs_update,Update Gumroad permalink to target_sku_permalink
105,Art Vol9.Zip Collection Vol 003,Art_Vol9.Zip_Collection_Vol_003.zip,WB-BND-105,db_zip_filename,https://wildbill.gumroad.com/l/wildbill_art-vol9-zip-collection-vol-003,wildbill_art-vol9-zip-collection-vol-003,wb-bnd-105,https://wildbill.gumroad.com/l/wb-bnd-105,needs_update,Update Gumroad permalink to target_sku_permalink
106,Art Vol9.Zip Collection Vol 004,Art_Vol9.Zip_Collection_Vol_004.zip,WB-BND-106,db_zip_filename,https://wildbill.gumroad.com/l/wildbill_art-vol9-zip-collection-vol-004,wildbill_art-vol9-zip-collection-vol-004,wb-bnd-106,https://wildbill.gumroad.com/l/wb-bnd-106,needs_update,Update Gumroad permalink to target_sku_permalink
107,Art Vol9.Zip Collection Vol 005,Art_Vol9.Zip_Collection_Vol_005.zip,WB-BND-107,db_zip_filename,https://wildbill.gumroad.com/l/wildbill_art-vol9-zip-collection-vol-005,wildbill_art-vol9-zip-collection-vol-005,wb-bnd-107,https://wildbill.gumroad.com/l/wb-bnd-107,needs_update,Update Gumroad permalink to target_sku_permalink
108,Gumroad Ready Assets Collection Vol 001,Gumroad_Ready_Assets_Collection_Vol_001.zip,WB-BND-108,db_zip_filename,https://wildbill.gumroad.com/l/wildbill_gumroad-ready-assets-collection-vol-001,wildbill_gumroad-ready-assets-collection-vol-001,wb-bnd-108,https://wildbill.gumroad.com/l/wb-bnd-108,needs_update,Update Gumroad permalink to target_sku_permalink
109,Gumroad Ready Assets Collection Vol 002,Gumroad_Ready_Assets_Collection_Vol_002.zip,WB-BND-109,db_zip_filename,https://wildbill.gumroad.com/l/wildbill_gumroad-ready-assets-collection-vol-002,wildbill_gumroad-ready-assets-collection-vol-002,wb-bnd-109,https://wildbill.gumroad.com/l/wb-bnd-109,needs_update,Update Gumroad permalink to target_sku_permalink
110,Gumroad Ready Assets Collection Vol 003,Gumroad_Ready_Assets_Collection_Vol_003.zip,WB-BND-110,db_zip_filename,https://wildbill.gumroad.com/l/wildbill_gumroad-ready-assets-collection-vol-003,wildbill_gumroad-ready-assets-collection-vol-003,wb-bnd-110,https://wildbill.gumroad.com/l/wb-bnd-110,needs_update,Update Gumroad permalink to target_sku_permalink
111,Gumroad Ready Assets Collection Vol 004,Gumroad_Ready_Assets_Collection_Vol_004.zip,WB-BND-111,db_zip_filename,https://wildbill.gumroad.com/l/wildbill_gumroad-ready-assets-collection-vol-004,wildbill_gumroad-ready-assets-collection-vol-004,wb-bnd-111,https://wildbill.gumroad.com/l/wb-bnd-111,needs_update,Update Gumroad permalink to target_sku_permalink
112,Gumroad Ready Assets Collection Vol 005,Gumroad_Ready_Assets_Collection_Vol_005.zip,WB-BND-112,db_zip_filename,https://wildbill.gumroad.com/l/wildbill_gumroad-ready-assets-collection-vol-005,wildbill_gumroad-ready-assets-collection-vol-005,wb-bnd-112,https://wildbill.gumroad.com/l/wb-bnd-112,needs_update,Update Gumroad permalink to target_sku_permalink
113,Gumroad Ready Assets Collection Vol 006,Gumroad_Ready_Assets_Collection_Vol_006.zip,WB-BND-113,db_zip_filename,https://wildbill.gumroad.com/l/wildbill_gumroad-ready-assets-collection-vol-006,wildbill_gumroad-ready-assets-collection-vol-006,wb-bnd-113,https://wildbill.gumroad.com/l/wb-bnd-113,needs_update,Update Gumroad permalink to target_sku_permalink
114,Gumroad Ready Assets Collection Vol 007,Gumroad_Ready_Assets_Collection_Vol_007.zip,WB-BND-114,db_zip_filename,https://wildbill.gumroad.com/l/wildbill_gumroad-ready-assets-collection-vol-007,wildbill_gumroad-ready-assets-collection-vol-007,wb-bnd-114,https://wildbill.gumroad.com/l/wb-bnd-114,needs_update,Update Gumroad permalink to target_sku_permalink
115,Gumroad Ready Assets Collection Vol 008,Gumroad_Ready_Assets_Collection_Vol_008.zip,WB-BND-115,db_zip_filename,https://wildbill.gumroad.com/l/wildbill_gumroad-ready-assets-collection-vol-008,wildbill_gumroad-ready-assets-collection-vol-008,wb-bnd-115,https://wildbill.gumroad.com/l/wb-bnd-115,needs_update,Update Gumroad permalink to target_sku_permalink
116,Gumroad Ready Assets Collection Vol 009,Gumroad_Ready_Assets_Collection_Vol_009.zip,WB-BND-116,db_zip_filename,https://wildbill.gumroad.com/l/wildbill_gumroad-ready-assets-collection-vol-009,wildbill_gumroad-ready-assets-collection-vol-009,wb-bnd-116,https://wildbill.gumroad.com/l/wb-bnd-116,needs_update,Update Gumroad permalink to target_sku_permalink
117,Gumroad Ready Assets Collection Vol 010,Gumroad_Ready_Assets_Collection_Vol_010.zip,WB-BND-117,db_zip_filename,https://wildbill.gumroad.com/l/wildbill_gumroad-ready-assets-collection-vol-010,wildbill_gumroad-ready-assets-collection-vol-010,wb-bnd-117,https://wildbill.gumroad.com/l/wb-bnd-117,needs_update,Update Gumroad permalink to target_sku_permalink
118,Gumroad Ready Assets Collection Vol 011,Gumroad_Ready_Assets_Collection_Vol_011.zip,WB-BND-118,db_zip_filename,https://wildbill.gumroad.com/l/wildbill_gumroad-ready-assets-collection-vol-011,wildbill_gumroad-ready-assets-collection-vol-011,wb-bnd-118,https://wildbill.gumroad.com/l/wb-bnd-118,needs_update,Update Gumroad permalink to target_sku_permalink
119,Gumroad Ready Assets Collection Vol 012,Gumroad_Ready_Assets_Collection_Vol_012.zip,WB-BND-119,db_zip_filename,https://wildbill.gumroad.com/l/wildbill_gumroad-ready-assets-collection-vol-012,wildbill_gumroad-ready-assets-collection-vol-012,wb-bnd-119,https://wildbill.gumroad.com/l/wb-bnd-119,needs_update,Update Gumroad permalink to target_sku_permalink
120,Gumroad Ready Assets Collection Vol 013,Gumroad_Ready_Assets_Collection_Vol_013.zip,WB-BND-120,db_zip_filename,https://wildbill.gumroad.com/l/wildbill_gumroad-ready-assets-collection-vol-013,wildbill_gumroad-ready-assets-collection-vol-013,wb-bnd-120,https://wildbill.gumroad.com/l/wb-bnd-120,needs_update,Update Gumroad permalink to target_sku_permalink
121,Gumroad Ready Assets Collection Vol 014,Gumroad_Ready_Assets_Collection_Vol_014.zip,WB-BND-121,db_zip_filename,https://wildbill.gumroad.com/l/wildbill_gumroad-ready-assets-collection-vol-014,wildbill_gumroad-ready-assets-collection-vol-014,wb-bnd-121,https://wildbill.gumroad.com/l/wb-bnd-121,needs_update,Update Gumroad permalink to target_sku_permalink
122,Gumroad Ready Assets Collection Vol 015,Gumroad_Ready_Assets_Collection_Vol_015.zip,WB-BND-122,db_zip_filename,https://wildbill.gumroad.com/l/wildbill_gumroad-ready-assets-collection-vol-015,wildbill_gumroad-ready-assets-collection-vol-015,wb-bnd-122,https://wildbill.gumroad.com/l/wb-bnd-122,needs_update,Update Gumroad permalink to target_sku_permalink
123,Gumroad Ready Assets Collection Vol 016,Gumroad_Ready_Assets_Collection_Vol_016.zip,WB-BND-123,db_zip_filename,https://wildbill.gumroad.com/l/wildbill_gumroad-ready-assets-collection-vol-016,wildbill_gumroad-ready-assets-collection-vol-016,wb-bnd-123,https://wildbill.gumroad.com/l/wb-bnd-123,needs_update,Update Gumroad permalink to target_sku_permalink
124,Gumroad Ready Assets Collection Vol 017,Gumroad_Ready_Assets_Collection_Vol_017.zip,WB-BND-124,db_zip_filename,https://wildbill.gumroad.com/l/wildbill_gumroad-ready-assets-collection-vol-017,wildbill_gumroad-ready-assets-collection-vol-017,wb-bnd-124,https://wildbill.gumroad.com/l/wb-bnd-124,needs_update,Update Gumroad permalink to target_sku_permalink
125,Gumroad Ready Assets Collection Vol 018,Gumroad_Ready_Assets_Collection_Vol_018.zip,WB-BND-125,db_zip_filename,https://wildbill.gumroad.com/l/wildbill_gumroad-ready-assets-collection-vol-018,wildbill_gumroad-ready-assets-collection-vol-018,wb-bnd-125,https://wildbill.gumroad.com/l/wb-bnd-125,needs_update,Update Gumroad permalink to target_sku_permalink
126,Gumroad Ready Assets Collection Vol 019,Gumroad_Ready_Assets_Collection_Vol_019.zip,WB-BND-126,db_zip_filename,https://wildbill.gumroad.com/l/wildbill_gumroad-ready-assets-collection-vol-019,wildbill_gumroad-ready-assets-collection-vol-019,wb-bnd-126,https://wildbill.gumroad.com/l/wb-bnd-126,needs_update,Update Gumroad permalink to target_sku_permalink
127,Gumroad Ready Assets Collection Vol 020,Gumroad_Ready_Assets_Collection_Vol_020.zip,WB-BND-127,db_zip_filename,https://wildbill.gumroad.com/l/wildbill_gumroad-ready-assets-collection-vol-020,wildbill_gumroad-ready-assets-collection-vol-020,wb-bnd-127,https://wildbill.gumroad.com/l/wb-bnd-127,needs_update,Update Gumroad permalink to target_sku_permalink
128,Gumroad Ready Assets Collection Vol 021,Gumroad_Ready_Assets_Collection_Vol_021.zip,WB-BND-128,db_zip_filename,https://wildbill.gumroad.com/l/wildbill_gumroad-ready-assets-collection-vol-021,wildbill_gumroad-ready-assets-collection-vol-021,wb-bnd-128,https://wildbill.gumroad.com/l/wb-bnd-128,needs_update,Update Gumroad permalink to target_sku_permalink
129,Gumroad Ready Assets Collection Vol 022,Gumroad_Ready_Assets_Collection_Vol_022.zip,WB-BND-129,db_zip_filename,https://wildbill.gumroad.com/l/wildbill_gumroad-ready-assets-collection-vol-022,wildbill_gumroad-ready-assets-collection-vol-022,wb-bnd-129,https://wildbill.gumroad.com/l/wb-bnd-129,needs_update,Update Gumroad permalink to target_sku_permalink
130,Gumroad Ready Assets Collection Vol 023,Gumroad_Ready_Assets_Collection_Vol_023.zip,WB-BND-130,db_zip_filename,https://wildbill.gumroad.com/l/wildbill_gumroad-ready-assets-collection-vol-023,wildbill_gumroad-ready-assets-collection-vol-023,wb-bnd-130,https://wildbill.gumroad.com/l/wb-bnd-130,needs_update,Update Gumroad permalink to target_sku_permalink
131,Gumroad Ready Assets Collection Vol 024,Gumroad_Ready_Assets_Collection_Vol_024.zip,WB-BND-131,db_zip_filename,https://wildbill.gumroad.com/l/wildbill_gumroad-ready-assets-collection-vol-024,wildbill_gumroad-ready-assets-collection-vol-024,wb-bnd-131,https://wildbill.gumroad.com/l/wb-bnd-131,needs_update,Update Gumroad permalink to target_sku_permalink
132,Gumroad Ready Assets Collection Vol 025,Gumroad_Ready_Assets_Collection_Vol_025.zip,WB-BND-132,db_zip_filename,https://wildbill.gumroad.com/l/wildbill_gumroad-ready-assets-collection-vol-025,wildbill_gumroad-ready-assets-collection-vol-025,wb-bnd-132,https://wildbill.gumroad.com/l/wb-bnd-132,needs_update,Update Gumroad permalink to target_sku_permalink
133,Gumroad Ready Assets Collection Vol 026,Gumroad_Ready_Assets_Collection_Vol_026.zip,WB-BND-133,db_zip_filename,https://wildbill.gumroad.com/l/wildbill_gumroad-ready-assets-collection-vol-026,wildbill_gumroad-ready-assets-collection-vol-026,wb-bnd-133,https://wildbill.gumroad.com/l/wb-bnd-133,needs_update,Update Gumroad permalink to target_sku_permalink
134,Gumroad Ready Assets Collection Vol 027,Gumroad_Ready_Assets_Collection_Vol_027.zip,WB-BND-134,db_zip_filename,https://wildbill.gumroad.com/l/wildbill_gumroad-ready-assets-collection-vol-027,wildbill_gumroad-ready-assets-collection-vol-027,wb-bnd-134,https://wildbill.gumroad.com/l/wb-bnd-134,needs_update,Update Gumroad permalink to target_sku_permalink
135,Gumroad Ready Assets Collection Vol 028,Gumroad_Ready_Assets_Collection_Vol_028.zip,WB-BND-135,db_zip_filename,https://wildbill.gumroad.com/l/wildbill_gumroad-ready-assets-collection-vol-028,wildbill_gumroad-ready-assets-collection-vol-028,wb-bnd-135,https://wildbill.gumroad.com/l/wb-bnd-135,needs_update,Update Gumroad permalink to target_sku_permalink
136,Gumroad Ready Assets Collection Vol 029,Gumroad_Ready_Assets_Collection_Vol_029.zip,WB-BND-136,db_zip_filename,https://wildbill.gumroad.com/l/wildbill_gumroad-ready-assets-collection-vol-029,wildbill_gumroad-ready-assets-collection-vol-029,wb-bnd-136,https://wildbill.gumroad.com/l/wb-bnd-136,needs_update,Update Gumroad permalink to target_sku_permalink
137,Gumroad Ready Assets Collection Vol 030,Gumroad_Ready_Assets_Collection_Vol_030.zip,WB-BND-137,db_zip_filename,https://wildbill.gumroad.com/l/wildbill_gumroad-ready-assets-collection-vol-030,wildbill_gumroad-ready-assets-collection-vol-030,wb-bnd-137,https://wildbill.gumroad.com/l/wb-bnd-137,needs_update,Update Gumroad permalink to target_sku_permalink
138,Gumroad Ready Assets Collection Vol 031,Gumroad_Ready_Assets_Collection_Vol_031.zip,WB-BND-138,db_zip_filename,https://wildbill.gumroad.com/l/wildbill_gumroad-ready-assets-collection-vol-031,wildbill_gumroad-ready-assets-collection-vol-031,wb-bnd-138,https://wildbill.gumroad.com/l/wb-bnd-138,needs_update,Update Gumroad permalink to target_sku_permalink
139,Gumroad Ready Assets Collection Vol 032,Gumroad_Ready_Assets_Collection_Vol_032.zip,WB-BND-139,db_zip_filename,https://wildbill.gumroad.com/l/wildbill_gumroad-ready-assets-collection-vol-032,wildbill_gumroad-ready-assets-collection-vol-032,wb-bnd-139,https://wildbill.gumroad.com/l/wb-bnd-139,needs_update,Update Gumroad permalink to target_sku_permalink
140,Gumroad Ready Assets Collection Vol 033,Gumroad_Ready_Assets_Collection_Vol_033.zip,WB-BND-140,db_zip_filename,https://wildbill.gumroad.com/l/wildbill_gumroad-ready-assets-collection-vol-033,wildbill_gumroad-ready-assets-collection-vol-033,wb-bnd-140,https://wildbill.gumroad.com/l/wb-bnd-140,needs_update,Update Gumroad permalink to target_sku_permalink
141,Gumroad Ready Assets Collection Vol 034,Gumroad_Ready_Assets_Collection_Vol_034.zip,WB-BND-141,db_zip_filename,https://wildbill.gumroad.com/l/wildbill_gumroad-ready-assets-collection-vol-034,wildbill_gumroad-ready-assets-collection-vol-034,wb-bnd-141,https://wildbill.gumroad.com/l/wb-bnd-141,needs_update,Update Gumroad permalink to target_sku_permalink
142,Gumroad Ready Assets Collection Vol 035,Gumroad_Ready_Assets_Collection_Vol_035.zip,WB-BND-142,db_zip_filename,https://wildbill.gumroad.com/l/wildbill_gumroad-ready-assets-collection-vol-035,wildbill_gumroad-ready-assets-collection-vol-035,wb-bnd-142,https://wildbill.gumroad.com/l/wb-bnd-142,needs_update,Update Gumroad permalink to target_sku_permalink
143,Gumroad Ready Assets Collection Vol 036,Gumroad_Ready_Assets_Collection_Vol_036.zip,WB-BND-143,db_zip_filename,https://wildbill.gumroad.com/l/wildbill_gumroad-ready-assets-collection-vol-036,wildbill_gumroad-ready-assets-collection-vol-036,wb-bnd-143,https://wildbill.gumroad.com/l/wb-bnd-143,needs_update,Update Gumroad permalink to target_sku_permalink
144,Gumroad Ready Assets Collection Vol 037,Gumroad_Ready_Assets_Collection_Vol_037.zip,WB-BND-144,db_zip_filename,https://wildbill.gumroad.com/l/wildbill_gumroad-ready-assets-collection-vol-037,wildbill_gumroad-ready-assets-collection-vol-037,wb-bnd-144,https://wildbill.gumroad.com/l/wb-bnd-144,needs_update,Update Gumroad permalink to target_sku_permalink
145,Storefront Previews Collection Vol 001,Storefront_Previews_Collection_Vol_001.zip,WB-BND-145,db_zip_filename,https://wildbill.gumroad.com/l/wildbill_storefront-previews-collection-vol-001,wildbill_storefront-previews-collection-vol-001,wb-bnd-145,https://wildbill.gumroad.com/l/wb-bnd-145,needs_update,Update Gumroad permalink to target_sku_permalink
146,Storefront Previews Collection Vol 002,Storefront_Previews_Collection_Vol_002.zip,WB-BND-146,db_zip_filename,https://wildbill.gumroad.com/l/wildbill_storefront-previews-collection-vol-002,wildbill_storefront-previews-collection-vol-002,wb-bnd-146,https://wildbill.gumroad.com/l/wb-bnd-146,needs_update,Update Gumroad permalink to target_sku_permalink
147,Storefront Previews Collection Vol 003,Storefront_Previews_Collection_Vol_003.zip,WB-BND-147,db_zip_filename,https://wildbill.gumroad.com/l/wildbill_storefront-previews-collection-vol-003,wildbill_storefront-previews-collection-vol-003,wb-bnd-147,https://wildbill.gumroad.com/l/wb-bnd-147,needs_update,Update Gumroad permalink to target_sku_permalink
148,Storefront Previews Collection Vol 004,Storefront_Previews_Collection_Vol_004.zip,WB-BND-148,db_zip_filename,https://wildbill.gumroad.com/l/wildbill_storefront-previews-collection-vol-004,wildbill_storefront-previews-collection-vol-004,wb-bnd-148,https://wildbill.gumroad.com/l/wb-bnd-148,needs_update,Update Gumroad permalink to target_sku_permalink
149,Storefront Previews Collection Vol 005,Storefront_Previews_Collection_Vol_005.zip,WB-BND-149,db_zip_filename,https://wildbill.gumroad.com/l/wildbill_storefront-previews-collection-vol-005,wildbill_storefront-previews-collection-vol-005,wb-bnd-149,https://wildbill.gumroad.com/l/wb-bnd-149,needs_update,Update Gumroad permalink to target_sku_permalink
150,Storefront Previews Collection Vol 006,Storefront_Previews_Collection_Vol_006.zip,WB-BND-150,db_zip_filename,https://wildbill.gumroad.com/l/wildbill_storefront-previews-collection-vol-006,wildbill_storefront-previews-collection-vol-006,wb-bnd-150,https://wildbill.gumroad.com/l/wb-bnd-150,needs_update,Update Gumroad permalink to target_sku_permalink
151,Storefront Previews Collection Vol 007,Storefront_Previews_Collection_Vol_007.zip,WB-BND-151,db_zip_filename,https://wildbill.gumroad.com/l/wildbill_storefront-previews-collection-vol-007,wildbill_storefront-previews-collection-vol-007,wb-bnd-151,https://wildbill.gumroad.com/l/wb-bnd-151,needs_update,Update Gumroad permalink to target_sku_permalink
152,Storefront Previews Collection Vol 008,Storefront_Previews_Collection_Vol_008.zip,WB-BND-152,db_zip_filename,https://wildbill.gumroad.com/l/wildbill_storefront-previews-collection-vol-008,wildbill_storefront-previews-collection-vol-008,wb-bnd-152,https://wildbill.gumroad.com/l/wb-bnd-152,needs_update,Update Gumroad permalink to target_sku_permalink
153,Storefront Previews Collection Vol 009,Storefront_Previews_Collection_Vol_009.zip,WB-BND-153,db_zip_filename,https://wildbill.gumroad.com/l/wildbill_storefront-previews-collection-vol-009,wildbill_storefront-previews-collection-vol-009,wb-bnd-153,https://wildbill.gumroad.com/l/wb-bnd-153,needs_update,Update Gumroad permalink to target_sku_permalink
154,Storefront Previews Collection Vol 010,Storefront_Previews_Collection_Vol_010.zip,WB-BND-154,db_zip_filename,https://wildbill.gumroad.com/l/wildbill_storefront-previews-collection-vol-010,wildbill_storefront-previews-collection-vol-010,wb-bnd-154,https://wildbill.gumroad.com/l/wb-bnd-154,needs_update,Update Gumroad permalink to target_sku_permalink
155,Storefront Previews Collection Vol 011,Storefront_Previews_Collection_Vol_011.zip,WB-BND-155,db_zip_filename,https://wildbill.gumroad.com/l/wildbill_storefront-previews-collection-vol-011,wildbill_storefront-previews-collection-vol-011,wb-bnd-155,https://wildbill.gumroad.com/l/wb-bnd-155,needs_update,Update Gumroad permalink to target_sku_permalink
156,Storefront Previews Collection Vol 012,Storefront_Previews_Collection_Vol_012.zip,WB-BND-156,db_zip_filename,https://wildbill.gumroad.com/l/wildbill_storefront-previews-collection-vol-012,wildbill_storefront-previews-collection-vol-012,wb-bnd-156,https://wildbill.gumroad.com/l/wb-bnd-156,needs_update,Update Gumroad permalink to target_sku_permalink
