Title,Price_USD,Description,Custom_Permalink,Expected_Gumroad_URL,ZIP_Path,Preview_Path,Status
Adult Creator 600 Ultimate Master Vault Vol1.Zip Collection Vol 001,15.00,Premium themed Adult Creator 600 Ultimate Master Vault Vol1.Zip uniform layout art graphic asset pack collection.,wb-bnd-001,https://wildbill3.gumroad.com/l/wb-bnd-001,/run/media/wildbill/storage/completed_bundles/Adult_Creator_600_Ultimate_Master_Vault_Vol1.Zip_Collection_Vol_001.zip,/home/wildbill/wildbill_secure_vault/static/previews/Adult_Creator_600_Ultimate_Master_Vault_Vol1.Zip_Collection_Vol_001.jpg,"Create as Digital product, attach ZIP, set custom URL, then publish"
Adult Creator 600 Ultimate Master Vault Vol1.Zip Collection Vol 002,15.00,Premium themed Adult Creator 600 Ultimate Master Vault Vol1.Zip uniform layout art graphic asset pack collection.,wb-bnd-002,https://wildbill3.gumroad.com/l/wb-bnd-002,/run/media/wildbill/storage/completed_bundles/Adult_Creator_600_Ultimate_Master_Vault_Vol1.Zip_Collection_Vol_002.zip,/home/wildbill/wildbill_secure_vault/static/previews/Adult_Creator_600_Ultimate_Master_Vault_Vol1.Zip_Collection_Vol_002.jpg,"Create as Digital product, attach ZIP, set custom URL, then publish"
Adult Creator 600 Ultimate Master Vault Vol1.Zip Collection Vol 003,15.00,Premium themed Adult Creator 600 Ultimate Master Vault Vol1.Zip uniform layout art graphic asset pack collection.,wb-bnd-003,https://wildbill3.gumroad.com/l/wb-bnd-003,/run/media/wildbill/storage/completed_bundles/Adult_Creator_600_Ultimate_Master_Vault_Vol1.Zip_Collection_Vol_003.zip,/home/wildbill/wildbill_secure_vault/static/previews/Adult_Creator_600_Ultimate_Master_Vault_Vol1.Zip_Collection_Vol_003.jpg,"Create as Digital product, attach ZIP, set custom URL, then publish"
Adult Creator Smooth 600 Vault Vol Vol1.Zip Collection Vol 001,15.00,Premium themed Adult Creator Smooth 600 Vault Vol Vol1.Zip uniform layout art graphic asset pack collection.,wb-bnd-004,https://wildbill3.gumroad.com/l/wb-bnd-004,/run/media/wildbill/storage/completed_bundles/Adult_Creator_Smooth_600_Vault_Vol_Vol1.Zip_Collection_Vol_001.zip,/home/wildbill/wildbill_secure_vault/static/previews/Adult_Creator_Smooth_600_Vault_Vol_Vol1.Zip_Collection_Vol_001.jpg,"Create as Digital product, attach ZIP, set custom URL, then publish"
Adult Creator Smooth 600 Vault Vol Vol1.Zip Collection Vol 002,15.00,Premium themed Adult Creator Smooth 600 Vault Vol Vol1.Zip uniform layout art graphic asset pack collection.,wb-bnd-005,https://wildbill3.gumroad.com/l/wb-bnd-005,/run/media/wildbill/storage/completed_bundles/Adult_Creator_Smooth_600_Vault_Vol_Vol1.Zip_Collection_Vol_002.zip,/home/wildbill/wildbill_secure_vault/static/previews/Adult_Creator_Smooth_600_Vault_Vol_Vol1.Zip_Collection_Vol_002.jpg,"Create as Digital product, attach ZIP, set custom URL, then publish"
Adult Creator Smooth 600 Vault Vol Vol1.Zip Collection Vol 003,15.00,Premium themed Adult Creator Smooth 600 Vault Vol Vol1.Zip uniform layout art graphic asset pack collection.,wb-bnd-006,https://wildbill3.gumroad.com/l/wb-bnd-006,/run/media/wildbill/storage/completed_bundles/Adult_Creator_Smooth_600_Vault_Vol_Vol1.Zip_Collection_Vol_003.zip,/home/wildbill/wildbill_secure_vault/static/previews/Adult_Creator_Smooth_600_Vault_Vol_Vol1.Zip_Collection_Vol_003.jpg,"Create as Digital product, attach ZIP, set custom URL, then publish"
Dark Luxury Red And Matte Black Vol1.Zip Collection Vol 001,15.00,Premium themed Dark Luxury Red And Matte Black Vol1.Zip uniform layout art graphic asset pack collection.,wb-bnd-007,https://wildbill3.gumroad.com/l/wb-bnd-007,/run/media/wildbill/storage/completed_bundles/Dark_Luxury_Red_And_Matte_Black_Vol1.Zip_Collection_Vol_001.zip,/home/wildbill/wildbill_secure_vault/static/previews/Dark_Luxury_Red_And_Matte_Black_Vol1.Zip_Collection_Vol_001.jpg,"Create as Digital product, attach ZIP, set custom URL, then publish"
Dark Luxury Red And Matte Black Vol1.Zip Collection Vol 002,15.00,Premium themed Dark Luxury Red And Matte Black Vol1.Zip uniform layout art graphic asset pack collection.,wb-bnd-008,https://wildbill3.gumroad.com/l/wb-bnd-008,/run/media/wildbill/storage/completed_bundles/Dark_Luxury_Red_And_Matte_Black_Vol1.Zip_Collection_Vol_002.zip,/home/wildbill/wildbill_secure_vault/static/previews/Dark_Luxury_Red_And_Matte_Black_Vol1.Zip_Collection_Vol_002.jpg,"Create as Digital product, attach ZIP, set custom URL, then publish"
Dark Luxury Red And Matte Black Vol1.Zip Collection Vol 003,15.00,Premium themed Dark Luxury Red And Matte Black Vol1.Zip uniform layout art graphic asset pack collection.,wb-bnd-009,https://wildbill3.gumroad.com/l/wb-bnd-009,/run/media/wildbill/storage/completed_bundles/Dark_Luxury_Red_And_Matte_Black_Vol1.Zip_Collection_Vol_003.zip,/home/wildbill/wildbill_secure_vault/static/previews/Dark_Luxury_Red_And_Matte_Black_Vol1.Zip_Collection_Vol_003.jpg,"Create as Digital product, attach ZIP, set custom URL, then publish"
Minimalist High Contrast Crimson Vol1.Zip Collection Vol 001,15.00,Premium themed Minimalist High Contrast Crimson Vol1.Zip uniform layout art graphic asset pack collection.,wb-bnd-010,https://wildbill3.gumroad.com/l/wb-bnd-010,/run/media/wildbill/storage/completed_bundles/Minimalist_High_Contrast_Crimson_Vol1.Zip_Collection_Vol_001.zip,/home/wildbill/wildbill_secure_vault/static/previews/Minimalist_High_Contrast_Crimson_Vol1.Zip_Collection_Vol_001.jpg,"Create as Digital product, attach ZIP, set custom URL, then publish"
Minimalist High Contrast Crimson Vol1.Zip Collection Vol 002,15.00,Premium themed Minimalist High Contrast Crimson Vol1.Zip uniform layout art graphic asset pack collection.,wb-bnd-011,https://wildbill3.gumroad.com/l/wb-bnd-011,/run/media/wildbill/storage/completed_bundles/Minimalist_High_Contrast_Crimson_Vol1.Zip_Collection_Vol_002.zip,/home/wildbill/wildbill_secure_vault/static/previews/Minimalist_High_Contrast_Crimson_Vol1.Zip_Collection_Vol_002.jpg,"Create as Digital product, attach ZIP, set custom URL, then publish"
Minimalist High Contrast Crimson Vol1.Zip Collection Vol 003,15.00,Premium themed Minimalist High Contrast Crimson Vol1.Zip uniform layout art graphic asset pack collection.,wb-bnd-012,https://wildbill3.gumroad.com/l/wb-bnd-012,/run/media/wildbill/storage/completed_bundles/Minimalist_High_Contrast_Crimson_Vol1.Zip_Collection_Vol_003.zip,/home/wildbill/wildbill_secure_vault/static/previews/Minimalist_High_Contrast_Crimson_Vol1.Zip_Collection_Vol_003.jpg,"Create as Digital product, attach ZIP, set custom URL, then publish"
Minimalist High Contrast Crimson Vol1.Zip Collection Vol 004,15.00,Premium themed Minimalist High Contrast Crimson Vol1.Zip uniform layout art graphic asset pack collection.,wb-bnd-013,https://wildbill3.gumroad.com/l/wb-bnd-013,/run/media/wildbill/storage/completed_bundles/Minimalist_High_Contrast_Crimson_Vol1.Zip_Collection_Vol_004.zip,/home/wildbill/wildbill_secure_vault/static/previews/Minimalist_High_Contrast_Crimson_Vol1.Zip_Collection_Vol_004.jpg,"Create as Digital product, attach ZIP, set custom URL, then publish"
Glitchcore Cyber Web Vector Vol1.Zip Collection Vol 001,15.00,Premium themed Glitchcore Cyber Web Vector Vol1.Zip uniform layout art graphic asset pack collection.,wb-bnd-014,https://wildbill3.gumroad.com/l/wb-bnd-014,/run/media/wildbill/storage/completed_bundles/Glitchcore_Cyber_Web_Vector_Vol1.Zip_Collection_Vol_001.zip,/home/wildbill/wildbill_secure_vault/static/previews/Glitchcore_Cyber_Web_Vector_Vol1.Zip_Collection_Vol_001.jpg,"Create as Digital product, attach ZIP, set custom URL, then publish"
Glitchcore Cyber Web Vector Vol1.Zip Collection Vol 002,15.00,Premium themed Glitchcore Cyber Web Vector Vol1.Zip uniform layout art graphic asset pack collection.,wb-bnd-015,https://wildbill3.gumroad.com/l/wb-bnd-015,/run/media/wildbill/storage/completed_bundles/Glitchcore_Cyber_Web_Vector_Vol1.Zip_Collection_Vol_002.zip,/home/wildbill/wildbill_secure_vault/static/previews/Glitchcore_Cyber_Web_Vector_Vol1.Zip_Collection_Vol_002.jpg,"Create as Digital product, attach ZIP, set custom URL, then publish"
Gothic Luxury Velvet Vol1.Zip Collection Vol 001,15.00,Premium themed Gothic Luxury Velvet Vol1.Zip uniform layout art graphic asset pack collection.,wb-bnd-016,https://wildbill3.gumroad.com/l/wb-bnd-016,/run/media/wildbill/storage/completed_bundles/Gothic_Luxury_Velvet_Vol1.Zip_Collection_Vol_001.zip,/home/wildbill/wildbill_secure_vault/static/previews/Gothic_Luxury_Velvet_Vol1.Zip_Collection_Vol_001.jpg,"Create as Digital product, attach ZIP, set custom URL, then publish"
Gothic Luxury Velvet Vol1.Zip Collection Vol 002,15.00,Premium themed Gothic Luxury Velvet Vol1.Zip uniform layout art graphic asset pack collection.,wb-bnd-017,https://wildbill3.gumroad.com/l/wb-bnd-017,/run/media/wildbill/storage/completed_bundles/Gothic_Luxury_Velvet_Vol1.Zip_Collection_Vol_002.zip,/home/wildbill/wildbill_secure_vault/static/previews/Gothic_Luxury_Velvet_Vol1.Zip_Collection_Vol_002.jpg,"Create as Digital product, attach ZIP, set custom URL, then publish"
Gothic Luxury Velvet Vol1.Zip Collection Vol 003,15.00,Premium themed Gothic Luxury Velvet Vol1.Zip uniform layout art graphic asset pack collection.,wb-bnd-018,https://wildbill3.gumroad.com/l/wb-bnd-018,/run/media/wildbill/storage/completed_bundles/Gothic_Luxury_Velvet_Vol1.Zip_Collection_Vol_003.zip,/home/wildbill/wildbill_secure_vault/static/previews/Gothic_Luxury_Velvet_Vol1.Zip_Collection_Vol_003.jpg,"Create as Digital product, attach ZIP, set custom URL, then publish"
Crimson Cyberpunk Fetish Vol1.Zip Collection Vol 001,15.00,Premium themed Crimson Cyberpunk Fetish Vol1.Zip uniform layout art graphic asset pack collection.,wb-bnd-019,https://wildbill3.gumroad.com/l/wb-bnd-019,/run/media/wildbill/storage/completed_bundles/Crimson_Cyberpunk_Fetish_Vol1.Zip_Collection_Vol_001.zip,/home/wildbill/wildbill_secure_vault/static/previews/Crimson_Cyberpunk_Fetish_Vol1.Zip_Collection_Vol_001.jpg,"Create as Digital product, attach ZIP, set custom URL, then publish"
Crimson Cyberpunk Fetish Vol1.Zip Collection Vol 002,15.00,Premium themed Crimson Cyberpunk Fetish Vol1.Zip uniform layout art graphic asset pack collection.,wb-bnd-020,https://wildbill3.gumroad.com/l/wb-bnd-020,/run/media/wildbill/storage/completed_bundles/Crimson_Cyberpunk_Fetish_Vol1.Zip_Collection_Vol_002.zip,/home/wildbill/wildbill_secure_vault/static/previews/Crimson_Cyberpunk_Fetish_Vol1.Zip_Collection_Vol_002.jpg,"Create as Digital product, attach ZIP, set custom URL, then publish"
Crimson Cyberpunk Fetish Vol1.Zip Collection Vol 003,15.00,Premium themed Crimson Cyberpunk Fetish Vol1.Zip uniform layout art graphic asset pack collection.,wb-bnd-021,https://wildbill3.gumroad.com/l/wb-bnd-021,/run/media/wildbill/storage/completed_bundles/Crimson_Cyberpunk_Fetish_Vol1.Zip_Collection_Vol_003.zip,/home/wildbill/wildbill_secure_vault/static/previews/Crimson_Cyberpunk_Fetish_Vol1.Zip_Collection_Vol_003.jpg,"Create as Digital product, attach ZIP, set custom URL, then publish"
Dreamy Enchanted Garden Vol1.Zip Collection Vol 001,15.00,Premium themed Dreamy Enchanted Garden Vol1.Zip uniform layout art graphic asset pack collection.,wb-bnd-022,https://wildbill3.gumroad.com/l/wb-bnd-022,/run/media/wildbill/storage/completed_bundles/Dreamy_Enchanted_Garden_Vol1.Zip_Collection_Vol_001.zip,/home/wildbill/wildbill_secure_vault/static/previews/Dreamy_Enchanted_Garden_Vol1.Zip_Collection_Vol_001.jpg,"Create as Digital product, attach ZIP, set custom URL, then publish"
Dreamy Enchanted Garden Vol1.Zip Collection Vol 002,15.00,Premium themed Dreamy Enchanted Garden Vol1.Zip uniform layout art graphic asset pack collection.,wb-bnd-023,https://wildbill3.gumroad.com/l/wb-bnd-023,/run/media/wildbill/storage/completed_bundles/Dreamy_Enchanted_Garden_Vol1.Zip_Collection_Vol_002.zip,/home/wildbill/wildbill_secure_vault/static/previews/Dreamy_Enchanted_Garden_Vol1.Zip_Collection_Vol_002.jpg,"Create as Digital product, attach ZIP, set custom URL, then publish"
Grimy Streetwear Alternative Vol1.Zip Collection Vol 001,15.00,Premium themed Grimy Streetwear Alternative Vol1.Zip uniform layout art graphic asset pack collection.,wb-bnd-024,https://wildbill3.gumroad.com/l/wb-bnd-024,/run/media/wildbill/storage/completed_bundles/Grimy_Streetwear_Alternative_Vol1.Zip_Collection_Vol_001.zip,/home/wildbill/wildbill_secure_vault/static/previews/Grimy_Streetwear_Alternative_Vol1.Zip_Collection_Vol_001.jpg,"Create as Digital product, attach ZIP, set custom URL, then publish"
Grimy Streetwear Alternative Vol1.Zip Collection Vol 002,15.00,Premium themed Grimy Streetwear Alternative Vol1.Zip uniform layout art graphic asset pack collection.,wb-bnd-025,https://wildbill3.gumroad.com/l/wb-bnd-025,/run/media/wildbill/storage/completed_bundles/Grimy_Streetwear_Alternative_Vol1.Zip_Collection_Vol_002.zip,/home/wildbill/wildbill_secure_vault/static/previews/Grimy_Streetwear_Alternative_Vol1.Zip_Collection_Vol_002.jpg,"Create as Digital product, attach ZIP, set custom URL, then publish"
Grimy Streetwear Alternative Vol1.Zip Collection Vol 003,15.00,Premium themed Grimy Streetwear Alternative Vol1.Zip uniform layout art graphic asset pack collection.,wb-bnd-026,https://wildbill3.gumroad.com/l/wb-bnd-026,/run/media/wildbill/storage/completed_bundles/Grimy_Streetwear_Alternative_Vol1.Zip_Collection_Vol_003.zip,/home/wildbill/wildbill_secure_vault/static/previews/Grimy_Streetwear_Alternative_Vol1.Zip_Collection_Vol_003.jpg,"Create as Digital product, attach ZIP, set custom URL, then publish"
Dystopian Cyberpunk Noir Vol1.Zip Collection Vol 001,15.00,Premium themed Dystopian Cyberpunk Noir Vol1.Zip uniform layout art graphic asset pack collection.,wb-bnd-027,https://wildbill3.gumroad.com/l/wb-bnd-027,/run/media/wildbill/storage/completed_bundles/Dystopian_Cyberpunk_Noir_Vol1.Zip_Collection_Vol_001.zip,/home/wildbill/wildbill_secure_vault/static/previews/Dystopian_Cyberpunk_Noir_Vol1.Zip_Collection_Vol_001.jpg,"Create as Digital product, attach ZIP, set custom URL, then publish"
Dystopian Cyberpunk Noir Vol1.Zip Collection Vol 002,15.00,Premium themed Dystopian Cyberpunk Noir Vol1.Zip uniform layout art graphic asset pack collection.,wb-bnd-028,https://wildbill3.gumroad.com/l/wb-bnd-028,/run/media/wildbill/storage/completed_bundles/Dystopian_Cyberpunk_Noir_Vol1.Zip_Collection_Vol_002.zip,/home/wildbill/wildbill_secure_vault/static/previews/Dystopian_Cyberpunk_Noir_Vol1.Zip_Collection_Vol_002.jpg,"Create as Digital product, attach ZIP, set custom URL, then publish"
Dystopian Cyberpunk Noir Vol1.Zip Collection Vol 003,15.00,Premium themed Dystopian Cyberpunk Noir Vol1.Zip uniform layout art graphic asset pack collection.,wb-bnd-029,https://wildbill3.gumroad.com/l/wb-bnd-029,/run/media/wildbill/storage/completed_bundles/Dystopian_Cyberpunk_Noir_Vol1.Zip_Collection_Vol_003.zip,/home/wildbill/wildbill_secure_vault/static/previews/Dystopian_Cyberpunk_Noir_Vol1.Zip_Collection_Vol_003.jpg,"Create as Digital product, attach ZIP, set custom URL, then publish"
Industrial Metal And Lace Vol1.Zip Collection Vol 001,15.00,Premium themed Industrial Metal And Lace Vol1.Zip uniform layout art graphic asset pack collection.,wb-bnd-030,https://wildbill3.gumroad.com/l/wb-bnd-030,/run/media/wildbill/storage/completed_bundles/Industrial_Metal_And_Lace_Vol1.Zip_Collection_Vol_001.zip,/home/wildbill/wildbill_secure_vault/static/previews/Industrial_Metal_And_Lace_Vol1.Zip_Collection_Vol_001.jpg,"Create as Digital product, attach ZIP, set custom URL, then publish"
Industrial Metal And Lace Vol1.Zip Collection Vol 002,15.00,Premium themed Industrial Metal And Lace Vol1.Zip uniform layout art graphic asset pack collection.,wb-bnd-031,https://wildbill3.gumroad.com/l/wb-bnd-031,/run/media/wildbill/storage/completed_bundles/Industrial_Metal_And_Lace_Vol1.Zip_Collection_Vol_002.zip,/home/wildbill/wildbill_secure_vault/static/previews/Industrial_Metal_And_Lace_Vol1.Zip_Collection_Vol_002.jpg,"Create as Digital product, attach ZIP, set custom URL, then publish"
Industrial Metal And Lace Vol1.Zip Collection Vol 003,15.00,Premium themed Industrial Metal And Lace Vol1.Zip uniform layout art graphic asset pack collection.,wb-bnd-032,https://wildbill3.gumroad.com/l/wb-bnd-032,/run/media/wildbill/storage/completed_bundles/Industrial_Metal_And_Lace_Vol1.Zip_Collection_Vol_003.zip,/home/wildbill/wildbill_secure_vault/static/previews/Industrial_Metal_And_Lace_Vol1.Zip_Collection_Vol_003.jpg,"Create as Digital product, attach ZIP, set custom URL, then publish"
Midnight Garden Soiree Vol1.Zip Collection Vol 001,15.00,Premium themed Midnight Garden Soiree Vol1.Zip uniform layout art graphic asset pack collection.,wb-bnd-033,https://wildbill3.gumroad.com/l/wb-bnd-033,/run/media/wildbill/storage/completed_bundles/Midnight_Garden_Soiree_Vol1.Zip_Collection_Vol_001.zip,/home/wildbill/wildbill_secure_vault/static/previews/Midnight_Garden_Soiree_Vol1.Zip_Collection_Vol_001.jpg,"Create as Digital product, attach ZIP, set custom URL, then publish"
Vaporwave Synthwave Fetish Vol1.Zip Collection Vol 001,15.00,Premium themed Vaporwave Synthwave Fetish Vol1.Zip uniform layout art graphic asset pack collection.,wb-bnd-034,https://wildbill3.gumroad.com/l/wb-bnd-034,/run/media/wildbill/storage/completed_bundles/Vaporwave_Synthwave_Fetish_Vol1.Zip_Collection_Vol_001.zip,/home/wildbill/wildbill_secure_vault/static/previews/Vaporwave_Synthwave_Fetish_Vol1.Zip_Collection_Vol_001.jpg,"Create as Digital product, attach ZIP, set custom URL, then publish"
Vaporwave Synthwave Fetish Vol1.Zip Collection Vol 002,15.00,Premium themed Vaporwave Synthwave Fetish Vol1.Zip uniform layout art graphic asset pack collection.,wb-bnd-035,https://wildbill3.gumroad.com/l/wb-bnd-035,/run/media/wildbill/storage/completed_bundles/Vaporwave_Synthwave_Fetish_Vol1.Zip_Collection_Vol_002.zip,/home/wildbill/wildbill_secure_vault/static/previews/Vaporwave_Synthwave_Fetish_Vol1.Zip_Collection_Vol_002.jpg,"Create as Digital product, attach ZIP, set custom URL, then publish"
Steamy Beach Getaway Vol1.Zip Collection Vol 001,15.00,Premium themed Steamy Beach Getaway Vol1.Zip uniform layout art graphic asset pack collection.,wb-bnd-036,https://wildbill3.gumroad.com/l/wb-bnd-036,/run/media/wildbill/storage/completed_bundles/Steamy_Beach_Getaway_Vol1.Zip_Collection_Vol_001.zip,/home/wildbill/wildbill_secure_vault/static/previews/Steamy_Beach_Getaway_Vol1.Zip_Collection_Vol_001.jpg,"Create as Digital product, attach ZIP, set custom URL, then publish"
Y2K Acid Glitch Vector Vol1.Zip Collection Vol 001,15.00,Premium themed Y2K Acid Glitch Vector Vol1.Zip uniform layout art graphic asset pack collection.,wb-bnd-037,https://wildbill3.gumroad.com/l/wb-bnd-037,/run/media/wildbill/storage/completed_bundles/Y2K_Acid_Glitch_Vector_Vol1.Zip_Collection_Vol_001.zip,/home/wildbill/wildbill_secure_vault/static/previews/Y2K_Acid_Glitch_Vector_Vol1.Zip_Collection_Vol_001.jpg,"Create as Digital product, attach ZIP, set custom URL, then publish"
Aesthetic Lofi Chill Pixel Vol1.Zip Collection Vol 001,15.00,Premium themed Aesthetic Lofi Chill Pixel Vol1.Zip uniform layout art graphic asset pack collection.,wb-bnd-038,https://wildbill3.gumroad.com/l/wb-bnd-038,/run/media/wildbill/storage/completed_bundles/Aesthetic_Lofi_Chill_Pixel_Vol1.Zip_Collection_Vol_001.zip,/home/wildbill/wildbill_secure_vault/static/previews/Aesthetic_Lofi_Chill_Pixel_Vol1.Zip_Collection_Vol_001.jpg,"Create as Digital product, attach ZIP, set custom URL, then publish"
Neon Alternative Gothic Vol1.Zip Collection Vol 001,15.00,Premium themed Neon Alternative Gothic Vol1.Zip uniform layout art graphic asset pack collection.,wb-bnd-039,https://wildbill3.gumroad.com/l/wb-bnd-039,/run/media/wildbill/storage/completed_bundles/Neon_Alternative_Gothic_Vol1.Zip_Collection_Vol_001.zip,/home/wildbill/wildbill_secure_vault/static/previews/Neon_Alternative_Gothic_Vol1.Zip_Collection_Vol_001.jpg,"Create as Digital product, attach ZIP, set custom URL, then publish"
Neon Alternative Gothic Vol1.Zip Collection Vol 002,15.00,Premium themed Neon Alternative Gothic Vol1.Zip uniform layout art graphic asset pack collection.,wb-bnd-040,https://wildbill3.gumroad.com/l/wb-bnd-040,/run/media/wildbill/storage/completed_bundles/Neon_Alternative_Gothic_Vol1.Zip_Collection_Vol_002.zip,/home/wildbill/wildbill_secure_vault/static/previews/Neon_Alternative_Gothic_Vol1.Zip_Collection_Vol_002.jpg,"Create as Digital product, attach ZIP, set custom URL, then publish"
Neon Alternative Gothic Vol1.Zip Collection Vol 003,15.00,Premium themed Neon Alternative Gothic Vol1.Zip uniform layout art graphic asset pack collection.,wb-bnd-041,https://wildbill3.gumroad.com/l/wb-bnd-041,/run/media/wildbill/storage/completed_bundles/Neon_Alternative_Gothic_Vol1.Zip_Collection_Vol_003.zip,/home/wildbill/wildbill_secure_vault/static/previews/Neon_Alternative_Gothic_Vol1.Zip_Collection_Vol_003.jpg,"Create as Digital product, attach ZIP, set custom URL, then publish"
Erotic Rooftop Lounge Vol1.Zip Collection Vol 001,15.00,Premium themed Erotic Rooftop Lounge Vol1.Zip uniform layout art graphic asset pack collection.,wb-bnd-042,https://wildbill3.gumroad.com/l/wb-bnd-042,/run/media/wildbill/storage/completed_bundles/Erotic_Rooftop_Lounge_Vol1.Zip_Collection_Vol_001.zip,/home/wildbill/wildbill_secure_vault/static/previews/Erotic_Rooftop_Lounge_Vol1.Zip_Collection_Vol_001.jpg,"Create as Digital product, attach ZIP, set custom URL, then publish"
Erotic Rooftop Lounge Vol1.Zip Collection Vol 002,15.00,Premium themed Erotic Rooftop Lounge Vol1.Zip uniform layout art graphic asset pack collection.,wb-bnd-043,https://wildbill3.gumroad.com/l/wb-bnd-043,/run/media/wildbill/storage/completed_bundles/Erotic_Rooftop_Lounge_Vol1.Zip_Collection_Vol_002.zip,/home/wildbill/wildbill_secure_vault/static/previews/Erotic_Rooftop_Lounge_Vol1.Zip_Collection_Vol_002.jpg,"Create as Digital product, attach ZIP, set custom URL, then publish"
Decadent Underground Lair Vol1.Zip Collection Vol 001,15.00,Premium themed Decadent Underground Lair Vol1.Zip uniform layout art graphic asset pack collection.,wb-bnd-044,https://wildbill3.gumroad.com/l/wb-bnd-044,/run/media/wildbill/storage/completed_bundles/Decadent_Underground_Lair_Vol1.Zip_Collection_Vol_001.zip,/home/wildbill/wildbill_secure_vault/static/previews/Decadent_Underground_Lair_Vol1.Zip_Collection_Vol_001.jpg,"Create as Digital product, attach ZIP, set custom URL, then publish"
Decadent Underground Lair Vol1.Zip Collection Vol 002,15.00,Premium themed Decadent Underground Lair Vol1.Zip uniform layout art graphic asset pack collection.,wb-bnd-045,https://wildbill3.gumroad.com/l/wb-bnd-045,/run/media/wildbill/storage/completed_bundles/Decadent_Underground_Lair_Vol1.Zip_Collection_Vol_002.zip,/home/wildbill/wildbill_secure_vault/static/previews/Decadent_Underground_Lair_Vol1.Zip_Collection_Vol_002.jpg,"Create as Digital product, attach ZIP, set custom URL, then publish"
Grimdark Elden Fantasy Vol1.Zip Collection Vol 001,15.00,Premium themed Grimdark Elden Fantasy Vol1.Zip uniform layout art graphic asset pack collection.,wb-bnd-046,https://wildbill3.gumroad.com/l/wb-bnd-046,/run/media/wildbill/storage/completed_bundles/Grimdark_Elden_Fantasy_Vol1.Zip_Collection_Vol_001.zip,/home/wildbill/wildbill_secure_vault/static/previews/Grimdark_Elden_Fantasy_Vol1.Zip_Collection_Vol_001.jpg,"Create as Digital product, attach ZIP, set custom URL, then publish"
Grimdark Elden Fantasy Vol1.Zip Collection Vol 002,15.00,Premium themed Grimdark Elden Fantasy Vol1.Zip uniform layout art graphic asset pack collection.,wb-bnd-047,https://wildbill3.gumroad.com/l/wb-bnd-047,/run/media/wildbill/storage/completed_bundles/Grimdark_Elden_Fantasy_Vol1.Zip_Collection_Vol_002.zip,/home/wildbill/wildbill_secure_vault/static/previews/Grimdark_Elden_Fantasy_Vol1.Zip_Collection_Vol_002.jpg,"Create as Digital product, attach ZIP, set custom URL, then publish"
Electric Pocket Monster Mech Vol1.Zip Collection Vol 001,15.00,Premium themed Electric Pocket Monster Mech Vol1.Zip uniform layout art graphic asset pack collection.,wb-bnd-048,https://wildbill3.gumroad.com/l/wb-bnd-048,/run/media/wildbill/storage/completed_bundles/Electric_Pocket_Monster_Mech_Vol1.Zip_Collection_Vol_001.zip,/home/wildbill/wildbill_secure_vault/static/previews/Electric_Pocket_Monster_Mech_Vol1.Zip_Collection_Vol_001.jpg,"Create as Digital product, attach ZIP, set custom URL, then publish"
Cyberpunk Vol1.Zip Collection Vol 001,15.00,Premium themed Cyberpunk Vol1.Zip uniform layout art graphic asset pack collection.,wb-bnd-049,https://wildbill3.gumroad.com/l/wb-bnd-049,/run/media/wildbill/storage/completed_bundles/Cyberpunk_Vol1.Zip_Collection_Vol_001.zip,/home/wildbill/wildbill_secure_vault/static/previews/Cyberpunk_Vol1.Zip_Collection_Vol_001.jpg,"Create as Digital product, attach ZIP, set custom URL, then publish"
Cyberpunk Vol1.Zip Collection Vol 002,15.00,Premium themed Cyberpunk Vol1.Zip uniform layout art graphic asset pack collection.,wb-bnd-050,https://wildbill3.gumroad.com/l/wb-bnd-050,/run/media/wildbill/storage/completed_bundles/Cyberpunk_Vol1.Zip_Collection_Vol_002.zip,/home/wildbill/wildbill_secure_vault/static/previews/Cyberpunk_Vol1.Zip_Collection_Vol_002.jpg,"Create as Digital product, attach ZIP, set custom URL, then publish"
Cyberpunk Vol1.Zip Collection Vol 003,15.00,Premium themed Cyberpunk Vol1.Zip uniform layout art graphic asset pack collection.,wb-bnd-051,https://wildbill3.gumroad.com/l/wb-bnd-051,/run/media/wildbill/storage/completed_bundles/Cyberpunk_Vol1.Zip_Collection_Vol_003.zip,/home/wildbill/wildbill_secure_vault/static/previews/Cyberpunk_Vol1.Zip_Collection_Vol_003.jpg,"Create as Digital product, attach ZIP, set custom URL, then publish"
Cyberpunk Vol1.Zip Collection Vol 004,15.00,Premium themed Cyberpunk Vol1.Zip uniform layout art graphic asset pack collection.,wb-bnd-052,https://wildbill3.gumroad.com/l/wb-bnd-052,/run/media/wildbill/storage/completed_bundles/Cyberpunk_Vol1.Zip_Collection_Vol_004.zip,/home/wildbill/wildbill_secure_vault/static/previews/Cyberpunk_Vol1.Zip_Collection_Vol_004.jpg,"Create as Digital product, attach ZIP, set custom URL, then publish"
Cyberpunk Vol1.Zip Collection Vol 005,15.00,Premium themed Cyberpunk Vol1.Zip uniform layout art graphic asset pack collection.,wb-bnd-053,https://wildbill3.gumroad.com/l/wb-bnd-053,/run/media/wildbill/storage/completed_bundles/Cyberpunk_Vol1.Zip_Collection_Vol_005.zip,/home/wildbill/wildbill_secure_vault/static/previews/Cyberpunk_Vol1.Zip_Collection_Vol_005.jpg,"Create as Digital product, attach ZIP, set custom URL, then publish"
Cyberpunk Vol2.Zip Collection Vol 001,15.00,Premium themed Cyberpunk Vol2.Zip uniform layout art graphic asset pack collection.,wb-bnd-054,https://wildbill3.gumroad.com/l/wb-bnd-054,/run/media/wildbill/storage/completed_bundles/Cyberpunk_Vol2.Zip_Collection_Vol_001.zip,/home/wildbill/wildbill_secure_vault/static/previews/Cyberpunk_Vol2.Zip_Collection_Vol_001.jpg,"Create as Digital product, attach ZIP, set custom URL, then publish"
Power Dynamics Smooth Kit Vol1.Zip Collection Vol 001,15.00,Premium themed Power Dynamics Smooth Kit Vol1.Zip uniform layout art graphic asset pack collection.,wb-bnd-055,https://wildbill3.gumroad.com/l/wb-bnd-055,/run/media/wildbill/storage/completed_bundles/Power_Dynamics_Smooth_Kit_Vol1.Zip_Collection_Vol_001.zip,/home/wildbill/wildbill_secure_vault/static/previews/Power_Dynamics_Smooth_Kit_Vol1.Zip_Collection_Vol_001.jpg,"Create as Digital product, attach ZIP, set custom URL, then publish"
Art Vol1.Zip Collection Vol 001,15.00,Premium themed Art Vol1.Zip uniform layout art graphic asset pack collection.,wb-bnd-056,https://wildbill3.gumroad.com/l/wb-bnd-056,/run/media/wildbill/storage/completed_bundles/Art_Vol1.Zip_Collection_Vol_001.zip,/home/wildbill/wildbill_secure_vault/static/previews/Art_Vol1.Zip_Collection_Vol_001.jpg,"Create as Digital product, attach ZIP, set custom URL, then publish"
Art Vol1.Zip Collection Vol 002,15.00,Premium themed Art Vol1.Zip uniform layout art graphic asset pack collection.,wb-bnd-057,https://wildbill3.gumroad.com/l/wb-bnd-057,/run/media/wildbill/storage/completed_bundles/Art_Vol1.Zip_Collection_Vol_002.zip,/home/wildbill/wildbill_secure_vault/static/previews/Art_Vol1.Zip_Collection_Vol_002.jpg,"Create as Digital product, attach ZIP, set custom URL, then publish"
Art Vol1.Zip Collection Vol 003,15.00,Premium themed Art Vol1.Zip uniform layout art graphic asset pack collection.,wb-bnd-058,https://wildbill3.gumroad.com/l/wb-bnd-058,/run/media/wildbill/storage/completed_bundles/Art_Vol1.Zip_Collection_Vol_003.zip,/home/wildbill/wildbill_secure_vault/static/previews/Art_Vol1.Zip_Collection_Vol_003.jpg,"Create as Digital product, attach ZIP, set custom URL, then publish"
Art Vol1.Zip Collection Vol 004,15.00,Premium themed Art Vol1.Zip uniform layout art graphic asset pack collection.,wb-bnd-059,https://wildbill3.gumroad.com/l/wb-bnd-059,/run/media/wildbill/storage/completed_bundles/Art_Vol1.Zip_Collection_Vol_004.zip,/home/wildbill/wildbill_secure_vault/static/previews/Art_Vol1.Zip_Collection_Vol_004.jpg,"Create as Digital product, attach ZIP, set custom URL, then publish"
Art Vol1.Zip Collection Vol 005,15.00,Premium themed Art Vol1.Zip uniform layout art graphic asset pack collection.,wb-bnd-060,https://wildbill3.gumroad.com/l/wb-bnd-060,/run/media/wildbill/storage/completed_bundles/Art_Vol1.Zip_Collection_Vol_005.zip,/home/wildbill/wildbill_secure_vault/static/previews/Art_Vol1.Zip_Collection_Vol_005.jpg,"Create as Digital product, attach ZIP, set custom URL, then publish"
Art Vol10.Zip Collection Vol 001,15.00,Premium themed Art Vol10.Zip uniform layout art graphic asset pack collection.,wb-bnd-061,https://wildbill3.gumroad.com/l/wb-bnd-061,/run/media/wildbill/storage/completed_bundles/Art_Vol10.Zip_Collection_Vol_001.zip,/home/wildbill/wildbill_secure_vault/static/previews/Art_Vol10.Zip_Collection_Vol_001.jpg,"Create as Digital product, attach ZIP, set custom URL, then publish"
Art Vol10.Zip Collection Vol 002,15.00,Premium themed Art Vol10.Zip uniform layout art graphic asset pack collection.,wb-bnd-062,https://wildbill3.gumroad.com/l/wb-bnd-062,/run/media/wildbill/storage/completed_bundles/Art_Vol10.Zip_Collection_Vol_002.zip,/home/wildbill/wildbill_secure_vault/static/previews/Art_Vol10.Zip_Collection_Vol_002.jpg,"Create as Digital product, attach ZIP, set custom URL, then publish"
Art Vol10.Zip Collection Vol 003,15.00,Premium themed Art Vol10.Zip uniform layout art graphic asset pack collection.,wb-bnd-063,https://wildbill3.gumroad.com/l/wb-bnd-063,/run/media/wildbill/storage/completed_bundles/Art_Vol10.Zip_Collection_Vol_003.zip,/home/wildbill/wildbill_secure_vault/static/previews/Art_Vol10.Zip_Collection_Vol_003.jpg,"Create as Digital product, attach ZIP, set custom URL, then publish"
Art Vol10.Zip Collection Vol 004,15.00,Premium themed Art Vol10.Zip uniform layout art graphic asset pack collection.,wb-bnd-064,https://wildbill3.gumroad.com/l/wb-bnd-064,/run/media/wildbill/storage/completed_bundles/Art_Vol10.Zip_Collection_Vol_004.zip,/home/wildbill/wildbill_secure_vault/static/previews/Art_Vol10.Zip_Collection_Vol_004.jpg,"Create as Digital product, attach ZIP, set custom URL, then publish"
Art Vol10.Zip Collection Vol 005,15.00,Premium themed Art Vol10.Zip uniform layout art graphic asset pack collection.,wb-bnd-065,https://wildbill3.gumroad.com/l/wb-bnd-065,/run/media/wildbill/storage/completed_bundles/Art_Vol10.Zip_Collection_Vol_005.zip,/home/wildbill/wildbill_secure_vault/static/previews/Art_Vol10.Zip_Collection_Vol_005.jpg,"Create as Digital product, attach ZIP, set custom URL, then publish"
Art Vol11.Zip Collection Vol 001,15.00,Premium themed Art Vol11.Zip uniform layout art graphic asset pack collection.,wb-bnd-066,https://wildbill3.gumroad.com/l/wb-bnd-066,/run/media/wildbill/storage/completed_bundles/Art_Vol11.Zip_Collection_Vol_001.zip,/home/wildbill/wildbill_secure_vault/static/previews/Art_Vol11.Zip_Collection_Vol_001.jpg,"Create as Digital product, attach ZIP, set custom URL, then publish"
Art Vol11.Zip Collection Vol 002,15.00,Premium themed Art Vol11.Zip uniform layout art graphic asset pack collection.,wb-bnd-067,https://wildbill3.gumroad.com/l/wb-bnd-067,/run/media/wildbill/storage/completed_bundles/Art_Vol11.Zip_Collection_Vol_002.zip,/home/wildbill/wildbill_secure_vault/static/previews/Art_Vol11.Zip_Collection_Vol_002.jpg,"Create as Digital product, attach ZIP, set custom URL, then publish"
Art Vol11.Zip Collection Vol 003,15.00,Premium themed Art Vol11.Zip uniform layout art graphic asset pack collection.,wb-bnd-068,https://wildbill3.gumroad.com/l/wb-bnd-068,/run/media/wildbill/storage/completed_bundles/Art_Vol11.Zip_Collection_Vol_003.zip,/home/wildbill/wildbill_secure_vault/static/previews/Art_Vol11.Zip_Collection_Vol_003.jpg,"Create as Digital product, attach ZIP, set custom URL, then publish"
Art Vol11.Zip Collection Vol 004,15.00,Premium themed Art Vol11.Zip uniform layout art graphic asset pack collection.,wb-bnd-069,https://wildbill3.gumroad.com/l/wb-bnd-069,/run/media/wildbill/storage/completed_bundles/Art_Vol11.Zip_Collection_Vol_004.zip,/home/wildbill/wildbill_secure_vault/static/previews/Art_Vol11.Zip_Collection_Vol_004.jpg,"Create as Digital product, attach ZIP, set custom URL, then publish"
Art Vol11.Zip Collection Vol 005,15.00,Premium themed Art Vol11.Zip uniform layout art graphic asset pack collection.,wb-bnd-070,https://wildbill3.gumroad.com/l/wb-bnd-070,/run/media/wildbill/storage/completed_bundles/Art_Vol11.Zip_Collection_Vol_005.zip,/home/wildbill/wildbill_secure_vault/static/previews/Art_Vol11.Zip_Collection_Vol_005.jpg,"Create as Digital product, attach ZIP, set custom URL, then publish"
Art Vol12.Zip Collection Vol 001,15.00,Premium themed Art Vol12.Zip uniform layout art graphic asset pack collection.,wb-bnd-071,https://wildbill3.gumroad.com/l/wb-bnd-071,/run/media/wildbill/storage/completed_bundles/Art_Vol12.Zip_Collection_Vol_001.zip,/home/wildbill/wildbill_secure_vault/static/previews/Art_Vol12.Zip_Collection_Vol_001.jpg,"Create as Digital product, attach ZIP, set custom URL, then publish"
Art Vol12.Zip Collection Vol 002,15.00,Premium themed Art Vol12.Zip uniform layout art graphic asset pack collection.,wb-bnd-072,https://wildbill3.gumroad.com/l/wb-bnd-072,/run/media/wildbill/storage/completed_bundles/Art_Vol12.Zip_Collection_Vol_002.zip,/home/wildbill/wildbill_secure_vault/static/previews/Art_Vol12.Zip_Collection_Vol_002.jpg,"Create as Digital product, attach ZIP, set custom URL, then publish"
Art Vol2.Zip Collection Vol 001,15.00,Premium themed Art Vol2.Zip uniform layout art graphic asset pack collection.,wb-bnd-073,https://wildbill3.gumroad.com/l/wb-bnd-073,/run/media/wildbill/storage/completed_bundles/Art_Vol2.Zip_Collection_Vol_001.zip,/home/wildbill/wildbill_secure_vault/static/previews/Art_Vol2.Zip_Collection_Vol_001.jpg,"Create as Digital product, attach ZIP, set custom URL, then publish"
Art Vol2.Zip Collection Vol 002,15.00,Premium themed Art Vol2.Zip uniform layout art graphic asset pack collection.,wb-bnd-074,https://wildbill3.gumroad.com/l/wb-bnd-074,/run/media/wildbill/storage/completed_bundles/Art_Vol2.Zip_Collection_Vol_002.zip,/home/wildbill/wildbill_secure_vault/static/previews/Art_Vol2.Zip_Collection_Vol_002.jpg,"Create as Digital product, attach ZIP, set custom URL, then publish"
Art Vol2.Zip Collection Vol 003,15.00,Premium themed Art Vol2.Zip uniform layout art graphic asset pack collection.,wb-bnd-075,https://wildbill3.gumroad.com/l/wb-bnd-075,/run/media/wildbill/storage/completed_bundles/Art_Vol2.Zip_Collection_Vol_003.zip,/home/wildbill/wildbill_secure_vault/static/previews/Art_Vol2.Zip_Collection_Vol_003.jpg,"Create as Digital product, attach ZIP, set custom URL, then publish"
Art Vol2.Zip Collection Vol 004,15.00,Premium themed Art Vol2.Zip uniform layout art graphic asset pack collection.,wb-bnd-076,https://wildbill3.gumroad.com/l/wb-bnd-076,/run/media/wildbill/storage/completed_bundles/Art_Vol2.Zip_Collection_Vol_004.zip,/home/wildbill/wildbill_secure_vault/static/previews/Art_Vol2.Zip_Collection_Vol_004.jpg,"Create as Digital product, attach ZIP, set custom URL, then publish"
Art Vol2.Zip Collection Vol 005,15.00,Premium themed Art Vol2.Zip uniform layout art graphic asset pack collection.,wb-bnd-077,https://wildbill3.gumroad.com/l/wb-bnd-077,/run/media/wildbill/storage/completed_bundles/Art_Vol2.Zip_Collection_Vol_005.zip,/home/wildbill/wildbill_secure_vault/static/previews/Art_Vol2.Zip_Collection_Vol_005.jpg,"Create as Digital product, attach ZIP, set custom URL, then publish"
Art Vol3.Zip Collection Vol 001,15.00,Premium themed Art Vol3.Zip uniform layout art graphic asset pack collection.,wb-bnd-078,https://wildbill3.gumroad.com/l/wb-bnd-078,/run/media/wildbill/storage/completed_bundles/Art_Vol3.Zip_Collection_Vol_001.zip,/home/wildbill/wildbill_secure_vault/static/previews/Art_Vol3.Zip_Collection_Vol_001.jpg,"Create as Digital product, attach ZIP, set custom URL, then publish"
Art Vol3.Zip Collection Vol 002,15.00,Premium themed Art Vol3.Zip uniform layout art graphic asset pack collection.,wb-bnd-079,https://wildbill3.gumroad.com/l/wb-bnd-079,/run/media/wildbill/storage/completed_bundles/Art_Vol3.Zip_Collection_Vol_002.zip,/home/wildbill/wildbill_secure_vault/static/previews/Art_Vol3.Zip_Collection_Vol_002.jpg,"Create as Digital product, attach ZIP, set custom URL, then publish"
Art Vol3.Zip Collection Vol 003,15.00,Premium themed Art Vol3.Zip uniform layout art graphic asset pack collection.,wb-bnd-080,https://wildbill3.gumroad.com/l/wb-bnd-080,/run/media/wildbill/storage/completed_bundles/Art_Vol3.Zip_Collection_Vol_003.zip,/home/wildbill/wildbill_secure_vault/static/previews/Art_Vol3.Zip_Collection_Vol_003.jpg,"Create as Digital product, attach ZIP, set custom URL, then publish"
Art Vol3.Zip Collection Vol 004,15.00,Premium themed Art Vol3.Zip uniform layout art graphic asset pack collection.,wb-bnd-081,https://wildbill3.gumroad.com/l/wb-bnd-081,/run/media/wildbill/storage/completed_bundles/Art_Vol3.Zip_Collection_Vol_004.zip,/home/wildbill/wildbill_secure_vault/static/previews/Art_Vol3.Zip_Collection_Vol_004.jpg,"Create as Digital product, attach ZIP, set custom URL, then publish"
Art Vol3.Zip Collection Vol 005,15.00,Premium themed Art Vol3.Zip uniform layout art graphic asset pack collection.,wb-bnd-082,https://wildbill3.gumroad.com/l/wb-bnd-082,/run/media/wildbill/storage/completed_bundles/Art_Vol3.Zip_Collection_Vol_005.zip,/home/wildbill/wildbill_secure_vault/static/previews/Art_Vol3.Zip_Collection_Vol_005.jpg,"Create as Digital product, attach ZIP, set custom URL, then publish"
Art Vol4.Zip Collection Vol 001,15.00,Premium themed Art Vol4.Zip uniform layout art graphic asset pack collection.,wb-bnd-083,https://wildbill3.gumroad.com/l/wb-bnd-083,/run/media/wildbill/storage/completed_bundles/Art_Vol4.Zip_Collection_Vol_001.zip,/home/wildbill/wildbill_secure_vault/static/previews/Art_Vol4.Zip_Collection_Vol_001.jpg,"Create as Digital product, attach ZIP, set custom URL, then publish"
Art Vol4.Zip Collection Vol 002,15.00,Premium themed Art Vol4.Zip uniform layout art graphic asset pack collection.,wb-bnd-084,https://wildbill3.gumroad.com/l/wb-bnd-084,/run/media/wildbill/storage/completed_bundles/Art_Vol4.Zip_Collection_Vol_002.zip,/home/wildbill/wildbill_secure_vault/static/previews/Art_Vol4.Zip_Collection_Vol_002.jpg,"Create as Digital product, attach ZIP, set custom URL, then publish"
Art Vol4.Zip Collection Vol 003,15.00,Premium themed Art Vol4.Zip uniform layout art graphic asset pack collection.,wb-bnd-085,https://wildbill3.gumroad.com/l/wb-bnd-085,/run/media/wildbill/storage/completed_bundles/Art_Vol4.Zip_Collection_Vol_003.zip,/home/wildbill/wildbill_secure_vault/static/previews/Art_Vol4.Zip_Collection_Vol_003.jpg,"Create as Digital product, attach ZIP, set custom URL, then publish"
Art Vol4.Zip Collection Vol 004,15.00,Premium themed Art Vol4.Zip uniform layout art graphic asset pack collection.,wb-bnd-086,https://wildbill3.gumroad.com/l/wb-bnd-086,/run/media/wildbill/storage/completed_bundles/Art_Vol4.Zip_Collection_Vol_004.zip,/home/wildbill/wildbill_secure_vault/static/previews/Art_Vol4.Zip_Collection_Vol_004.jpg,"Create as Digital product, attach ZIP, set custom URL, then publish"
Art Vol4.Zip Collection Vol 005,15.00,Premium themed Art Vol4.Zip uniform layout art graphic asset pack collection.,wb-bnd-087,https://wildbill3.gumroad.com/l/wb-bnd-087,/run/media/wildbill/storage/completed_bundles/Art_Vol4.Zip_Collection_Vol_005.zip,/home/wildbill/wildbill_secure_vault/static/previews/Art_Vol4.Zip_Collection_Vol_005.jpg,"Create as Digital product, attach ZIP, set custom URL, then publish"
Art Vol5.Zip Collection Vol 001,15.00,Premium themed Art Vol5.Zip uniform layout art graphic asset pack collection.,wb-bnd-088,https://wildbill3.gumroad.com/l/wb-bnd-088,/run/media/wildbill/storage/completed_bundles/Art_Vol5.Zip_Collection_Vol_001.zip,/home/wildbill/wildbill_secure_vault/static/previews/Art_Vol5.Zip_Collection_Vol_001.jpg,"Create as Digital product, attach ZIP, set custom URL, then publish"
Art Vol5.Zip Collection Vol 002,15.00,Premium themed Art Vol5.Zip uniform layout art graphic asset pack collection.,wb-bnd-089,https://wildbill3.gumroad.com/l/wb-bnd-089,/run/media/wildbill/storage/completed_bundles/Art_Vol5.Zip_Collection_Vol_002.zip,/home/wildbill/wildbill_secure_vault/static/previews/Art_Vol5.Zip_Collection_Vol_002.jpg,"Create as Digital product, attach ZIP, set custom URL, then publish"
Art Vol5.Zip Collection Vol 003,15.00,Premium themed Art Vol5.Zip uniform layout art graphic asset pack collection.,wb-bnd-090,https://wildbill3.gumroad.com/l/wb-bnd-090,/run/media/wildbill/storage/completed_bundles/Art_Vol5.Zip_Collection_Vol_003.zip,/home/wildbill/wildbill_secure_vault/static/previews/Art_Vol5.Zip_Collection_Vol_003.jpg,"Create as Digital product, attach ZIP, set custom URL, then publish"
Art Vol5.Zip Collection Vol 004,15.00,Premium themed Art Vol5.Zip uniform layout art graphic asset pack collection.,wb-bnd-091,https://wildbill3.gumroad.com/l/wb-bnd-091,/run/media/wildbill/storage/completed_bundles/Art_Vol5.Zip_Collection_Vol_004.zip,/home/wildbill/wildbill_secure_vault/static/previews/Art_Vol5.Zip_Collection_Vol_004.jpg,"Create as Digital product, attach ZIP, set custom URL, then publish"
Art Vol5.Zip Collection Vol 005,15.00,Premium themed Art Vol5.Zip uniform layout art graphic asset pack collection.,wb-bnd-092,https://wildbill3.gumroad.com/l/wb-bnd-092,/run/media/wildbill/storage/completed_bundles/Art_Vol5.Zip_Collection_Vol_005.zip,/home/wildbill/wildbill_secure_vault/static/previews/Art_Vol5.Zip_Collection_Vol_005.jpg,"Create as Digital product, attach ZIP, set custom URL, then publish"
Art Vol6.Zip Collection Vol 001,15.00,Premium themed Art Vol6.Zip uniform layout art graphic asset pack collection.,wb-bnd-093,https://wildbill3.gumroad.com/l/wb-bnd-093,/run/media/wildbill/storage/completed_bundles/Art_Vol6.Zip_Collection_Vol_001.zip,/home/wildbill/wildbill_secure_vault/static/previews/Art_Vol6.Zip_Collection_Vol_001.jpg,"Create as Digital product, attach ZIP, set custom URL, then publish"
Art Vol6.Zip Collection Vol 002,15.00,Premium themed Art Vol6.Zip uniform layout art graphic asset pack collection.,wb-bnd-094,https://wildbill3.gumroad.com/l/wb-bnd-094,/run/media/wildbill/storage/completed_bundles/Art_Vol6.Zip_Collection_Vol_002.zip,/home/wildbill/wildbill_secure_vault/static/previews/Art_Vol6.Zip_Collection_Vol_002.jpg,"Create as Digital product, attach ZIP, set custom URL, then publish"
Art Vol6.Zip Collection Vol 003,15.00,Premium themed Art Vol6.Zip uniform layout art graphic asset pack collection.,wb-bnd-095,https://wildbill3.gumroad.com/l/wb-bnd-095,/run/media/wildbill/storage/completed_bundles/Art_Vol6.Zip_Collection_Vol_003.zip,/home/wildbill/wildbill_secure_vault/static/previews/Art_Vol6.Zip_Collection_Vol_003.jpg,"Create as Digital product, attach ZIP, set custom URL, then publish"
Art Vol6.Zip Collection Vol 004,15.00,Premium themed Art Vol6.Zip uniform layout art graphic asset pack collection.,wb-bnd-096,https://wildbill3.gumroad.com/l/wb-bnd-096,/run/media/wildbill/storage/completed_bundles/Art_Vol6.Zip_Collection_Vol_004.zip,/home/wildbill/wildbill_secure_vault/static/previews/Art_Vol6.Zip_Collection_Vol_004.jpg,"Create as Digital product, attach ZIP, set custom URL, then publish"
Art Vol6.Zip Collection Vol 005,15.00,Premium themed Art Vol6.Zip uniform layout art graphic asset pack collection.,wb-bnd-097,https://wildbill3.gumroad.com/l/wb-bnd-097,/run/media/wildbill/storage/completed_bundles/Art_Vol6.Zip_Collection_Vol_005.zip,/home/wildbill/wildbill_secure_vault/static/previews/Art_Vol6.Zip_Collection_Vol_005.jpg,"Create as Digital product, attach ZIP, set custom URL, then publish"
Art Vol7.Zip Collection Vol 001,15.00,Premium themed Art Vol7.Zip uniform layout art graphic asset pack collection.,wb-bnd-098,https://wildbill3.gumroad.com/l/wb-bnd-098,/run/media/wildbill/storage/completed_bundles/Art_Vol7.Zip_Collection_Vol_001.zip,/home/wildbill/wildbill_secure_vault/static/previews/Art_Vol7.Zip_Collection_Vol_001.jpg,"Create as Digital product, attach ZIP, set custom URL, then publish"
Art Vol7.Zip Collection Vol 002,15.00,Premium themed Art Vol7.Zip uniform layout art graphic asset pack collection.,wb-bnd-099,https://wildbill3.gumroad.com/l/wb-bnd-099,/run/media/wildbill/storage/completed_bundles/Art_Vol7.Zip_Collection_Vol_002.zip,/home/wildbill/wildbill_secure_vault/static/previews/Art_Vol7.Zip_Collection_Vol_002.jpg,"Create as Digital product, attach ZIP, set custom URL, then publish"
Art Vol7.Zip Collection Vol 003,15.00,Premium themed Art Vol7.Zip uniform layout art graphic asset pack collection.,wb-bnd-100,https://wildbill3.gumroad.com/l/wb-bnd-100,/run/media/wildbill/storage/completed_bundles/Art_Vol7.Zip_Collection_Vol_003.zip,/home/wildbill/wildbill_secure_vault/static/previews/Art_Vol7.Zip_Collection_Vol_003.jpg,"Create as Digital product, attach ZIP, set custom URL, then publish"
Art Vol7.Zip Collection Vol 004,15.00,Premium themed Art Vol7.Zip uniform layout art graphic asset pack collection.,wb-bnd-101,https://wildbill3.gumroad.com/l/wb-bnd-101,/run/media/wildbill/storage/completed_bundles/Art_Vol7.Zip_Collection_Vol_004.zip,/home/wildbill/wildbill_secure_vault/static/previews/Art_Vol7.Zip_Collection_Vol_004.jpg,"Create as Digital product, attach ZIP, set custom URL, then publish"
Art Vol7.Zip Collection Vol 005,15.00,Premium themed Art Vol7.Zip uniform layout art graphic asset pack collection.,wb-bnd-102,https://wildbill3.gumroad.com/l/wb-bnd-102,/run/media/wildbill/storage/completed_bundles/Art_Vol7.Zip_Collection_Vol_005.zip,/home/wildbill/wildbill_secure_vault/static/previews/Art_Vol7.Zip_Collection_Vol_005.jpg,"Create as Digital product, attach ZIP, set custom URL, then publish"
Art Vol9.Zip Collection Vol 001,15.00,Premium themed Art Vol9.Zip uniform layout art graphic asset pack collection.,wb-bnd-103,https://wildbill3.gumroad.com/l/wb-bnd-103,/run/media/wildbill/storage/completed_bundles/Art_Vol9.Zip_Collection_Vol_001.zip,/home/wildbill/wildbill_secure_vault/static/previews/Art_Vol9.Zip_Collection_Vol_001.jpg,"Create as Digital product, attach ZIP, set custom URL, then publish"
Art Vol9.Zip Collection Vol 002,15.00,Premium themed Art Vol9.Zip uniform layout art graphic asset pack collection.,wb-bnd-104,https://wildbill3.gumroad.com/l/wb-bnd-104,/run/media/wildbill/storage/completed_bundles/Art_Vol9.Zip_Collection_Vol_002.zip,/home/wildbill/wildbill_secure_vault/static/previews/Art_Vol9.Zip_Collection_Vol_002.jpg,"Create as Digital product, attach ZIP, set custom URL, then publish"
Art Vol9.Zip Collection Vol 003,15.00,Premium themed Art Vol9.Zip uniform layout art graphic asset pack collection.,wb-bnd-105,https://wildbill3.gumroad.com/l/wb-bnd-105,/run/media/wildbill/storage/completed_bundles/Art_Vol9.Zip_Collection_Vol_003.zip,/home/wildbill/wildbill_secure_vault/static/previews/Art_Vol9.Zip_Collection_Vol_003.jpg,"Create as Digital product, attach ZIP, set custom URL, then publish"
Art Vol9.Zip Collection Vol 004,15.00,Premium themed Art Vol9.Zip uniform layout art graphic asset pack collection.,wb-bnd-106,https://wildbill3.gumroad.com/l/wb-bnd-106,/run/media/wildbill/storage/completed_bundles/Art_Vol9.Zip_Collection_Vol_004.zip,/home/wildbill/wildbill_secure_vault/static/previews/Art_Vol9.Zip_Collection_Vol_004.jpg,"Create as Digital product, attach ZIP, set custom URL, then publish"
Art Vol9.Zip Collection Vol 005,15.00,Premium themed Art Vol9.Zip uniform layout art graphic asset pack collection.,wb-bnd-107,https://wildbill3.gumroad.com/l/wb-bnd-107,/run/media/wildbill/storage/completed_bundles/Art_Vol9.Zip_Collection_Vol_005.zip,/home/wildbill/wildbill_secure_vault/static/previews/Art_Vol9.Zip_Collection_Vol_005.jpg,"Create as Digital product, attach ZIP, set custom URL, then publish"
Gumroad Ready Assets Collection Vol 001,15.00,Premium themed Gumroad Ready Assets uniform layout art graphic asset pack collection.,wb-bnd-108,https://wildbill3.gumroad.com/l/wb-bnd-108,/run/media/wildbill/storage/completed_bundles/Gumroad_Ready_Assets_Collection_Vol_001.zip,/home/wildbill/wildbill_secure_vault/static/previews/Gumroad_Ready_Assets_Collection_Vol_001.jpg,"Create as Digital product, attach ZIP, set custom URL, then publish"
Gumroad Ready Assets Collection Vol 002,15.00,Premium themed Gumroad Ready Assets uniform layout art graphic asset pack collection.,wb-bnd-109,https://wildbill3.gumroad.com/l/wb-bnd-109,/run/media/wildbill/storage/completed_bundles/Gumroad_Ready_Assets_Collection_Vol_002.zip,/home/wildbill/wildbill_secure_vault/static/previews/Gumroad_Ready_Assets_Collection_Vol_002.jpg,"Create as Digital product, attach ZIP, set custom URL, then publish"
Gumroad Ready Assets Collection Vol 003,15.00,Premium themed Gumroad Ready Assets uniform layout art graphic asset pack collection.,wb-bnd-110,https://wildbill3.gumroad.com/l/wb-bnd-110,/run/media/wildbill/storage/completed_bundles/Gumroad_Ready_Assets_Collection_Vol_003.zip,/home/wildbill/wildbill_secure_vault/static/previews/Gumroad_Ready_Assets_Collection_Vol_003.jpg,"Create as Digital product, attach ZIP, set custom URL, then publish"
Gumroad Ready Assets Collection Vol 004,15.00,Premium themed Gumroad Ready Assets uniform layout art graphic asset pack collection.,wb-bnd-111,https://wildbill3.gumroad.com/l/wb-bnd-111,/run/media/wildbill/storage/completed_bundles/Gumroad_Ready_Assets_Collection_Vol_004.zip,/home/wildbill/wildbill_secure_vault/static/previews/Gumroad_Ready_Assets_Collection_Vol_004.jpg,"Create as Digital product, attach ZIP, set custom URL, then publish"
Gumroad Ready Assets Collection Vol 005,15.00,Premium themed Gumroad Ready Assets uniform layout art graphic asset pack collection.,wb-bnd-112,https://wildbill3.gumroad.com/l/wb-bnd-112,/run/media/wildbill/storage/completed_bundles/Gumroad_Ready_Assets_Collection_Vol_005.zip,/home/wildbill/wildbill_secure_vault/static/previews/Gumroad_Ready_Assets_Collection_Vol_005.jpg,"Create as Digital product, attach ZIP, set custom URL, then publish"
Gumroad Ready Assets Collection Vol 006,15.00,Premium themed Gumroad Ready Assets uniform layout art graphic asset pack collection.,wb-bnd-113,https://wildbill3.gumroad.com/l/wb-bnd-113,/run/media/wildbill/storage/completed_bundles/Gumroad_Ready_Assets_Collection_Vol_006.zip,/home/wildbill/wildbill_secure_vault/static/previews/Gumroad_Ready_Assets_Collection_Vol_006.jpg,"Create as Digital product, attach ZIP, set custom URL, then publish"
Gumroad Ready Assets Collection Vol 007,15.00,Premium themed Gumroad Ready Assets uniform layout art graphic asset pack collection.,wb-bnd-114,https://wildbill3.gumroad.com/l/wb-bnd-114,/run/media/wildbill/storage/completed_bundles/Gumroad_Ready_Assets_Collection_Vol_007.zip,/home/wildbill/wildbill_secure_vault/static/previews/Gumroad_Ready_Assets_Collection_Vol_007.jpg,"Create as Digital product, attach ZIP, set custom URL, then publish"
Gumroad Ready Assets Collection Vol 008,15.00,Premium themed Gumroad Ready Assets uniform layout art graphic asset pack collection.,wb-bnd-115,https://wildbill3.gumroad.com/l/wb-bnd-115,/run/media/wildbill/storage/completed_bundles/Gumroad_Ready_Assets_Collection_Vol_008.zip,/home/wildbill/wildbill_secure_vault/static/previews/Gumroad_Ready_Assets_Collection_Vol_008.jpg,"Create as Digital product, attach ZIP, set custom URL, then publish"
Gumroad Ready Assets Collection Vol 009,15.00,Premium themed Gumroad Ready Assets uniform layout art graphic asset pack collection.,wb-bnd-116,https://wildbill3.gumroad.com/l/wb-bnd-116,/run/media/wildbill/storage/completed_bundles/Gumroad_Ready_Assets_Collection_Vol_009.zip,/home/wildbill/wildbill_secure_vault/static/previews/Gumroad_Ready_Assets_Collection_Vol_009.jpg,"Create as Digital product, attach ZIP, set custom URL, then publish"
Gumroad Ready Assets Collection Vol 010,15.00,Premium themed Gumroad Ready Assets uniform layout art graphic asset pack collection.,wb-bnd-117,https://wildbill3.gumroad.com/l/wb-bnd-117,/run/media/wildbill/storage/completed_bundles/Gumroad_Ready_Assets_Collection_Vol_010.zip,/home/wildbill/wildbill_secure_vault/static/previews/Gumroad_Ready_Assets_Collection_Vol_010.jpg,"Create as Digital product, attach ZIP, set custom URL, then publish"
Gumroad Ready Assets Collection Vol 011,15.00,Premium themed Gumroad Ready Assets uniform layout art graphic asset pack collection.,wb-bnd-118,https://wildbill3.gumroad.com/l/wb-bnd-118,/run/media/wildbill/storage/completed_bundles/Gumroad_Ready_Assets_Collection_Vol_011.zip,/home/wildbill/wildbill_secure_vault/static/previews/Gumroad_Ready_Assets_Collection_Vol_011.jpg,"Create as Digital product, attach ZIP, set custom URL, then publish"
Gumroad Ready Assets Collection Vol 012,15.00,Premium themed Gumroad Ready Assets uniform layout art graphic asset pack collection.,wb-bnd-119,https://wildbill3.gumroad.com/l/wb-bnd-119,/run/media/wildbill/storage/completed_bundles/Gumroad_Ready_Assets_Collection_Vol_012.zip,/home/wildbill/wildbill_secure_vault/static/previews/Gumroad_Ready_Assets_Collection_Vol_012.jpg,"Create as Digital product, attach ZIP, set custom URL, then publish"
Gumroad Ready Assets Collection Vol 013,15.00,Premium themed Gumroad Ready Assets uniform layout art graphic asset pack collection.,wb-bnd-120,https://wildbill3.gumroad.com/l/wb-bnd-120,/run/media/wildbill/storage/completed_bundles/Gumroad_Ready_Assets_Collection_Vol_013.zip,/home/wildbill/wildbill_secure_vault/static/previews/Gumroad_Ready_Assets_Collection_Vol_013.jpg,"Create as Digital product, attach ZIP, set custom URL, then publish"
Gumroad Ready Assets Collection Vol 014,15.00,Premium themed Gumroad Ready Assets uniform layout art graphic asset pack collection.,wb-bnd-121,https://wildbill3.gumroad.com/l/wb-bnd-121,/run/media/wildbill/storage/completed_bundles/Gumroad_Ready_Assets_Collection_Vol_014.zip,/home/wildbill/wildbill_secure_vault/static/previews/Gumroad_Ready_Assets_Collection_Vol_014.jpg,"Create as Digital product, attach ZIP, set custom URL, then publish"
Gumroad Ready Assets Collection Vol 015,15.00,Premium themed Gumroad Ready Assets uniform layout art graphic asset pack collection.,wb-bnd-122,https://wildbill3.gumroad.com/l/wb-bnd-122,/run/media/wildbill/storage/completed_bundles/Gumroad_Ready_Assets_Collection_Vol_015.zip,/home/wildbill/wildbill_secure_vault/static/previews/Gumroad_Ready_Assets_Collection_Vol_015.jpg,"Create as Digital product, attach ZIP, set custom URL, then publish"
Gumroad Ready Assets Collection Vol 016,15.00,Premium themed Gumroad Ready Assets uniform layout art graphic asset pack collection.,wb-bnd-123,https://wildbill3.gumroad.com/l/wb-bnd-123,/run/media/wildbill/storage/completed_bundles/Gumroad_Ready_Assets_Collection_Vol_016.zip,/home/wildbill/wildbill_secure_vault/static/previews/Gumroad_Ready_Assets_Collection_Vol_016.jpg,"Create as Digital product, attach ZIP, set custom URL, then publish"
Gumroad Ready Assets Collection Vol 017,15.00,Premium themed Gumroad Ready Assets uniform layout art graphic asset pack collection.,wb-bnd-124,https://wildbill3.gumroad.com/l/wb-bnd-124,/run/media/wildbill/storage/completed_bundles/Gumroad_Ready_Assets_Collection_Vol_017.zip,/home/wildbill/wildbill_secure_vault/static/previews/Gumroad_Ready_Assets_Collection_Vol_017.jpg,"Create as Digital product, attach ZIP, set custom URL, then publish"
Gumroad Ready Assets Collection Vol 018,15.00,Premium themed Gumroad Ready Assets uniform layout art graphic asset pack collection.,wb-bnd-125,https://wildbill3.gumroad.com/l/wb-bnd-125,/run/media/wildbill/storage/completed_bundles/Gumroad_Ready_Assets_Collection_Vol_018.zip,/home/wildbill/wildbill_secure_vault/static/previews/Gumroad_Ready_Assets_Collection_Vol_018.jpg,"Create as Digital product, attach ZIP, set custom URL, then publish"
Gumroad Ready Assets Collection Vol 019,15.00,Premium themed Gumroad Ready Assets uniform layout art graphic asset pack collection.,wb-bnd-126,https://wildbill3.gumroad.com/l/wb-bnd-126,/run/media/wildbill/storage/completed_bundles/Gumroad_Ready_Assets_Collection_Vol_019.zip,/home/wildbill/wildbill_secure_vault/static/previews/Gumroad_Ready_Assets_Collection_Vol_019.jpg,"Create as Digital product, attach ZIP, set custom URL, then publish"
Gumroad Ready Assets Collection Vol 020,15.00,Premium themed Gumroad Ready Assets uniform layout art graphic asset pack collection.,wb-bnd-127,https://wildbill3.gumroad.com/l/wb-bnd-127,/run/media/wildbill/storage/completed_bundles/Gumroad_Ready_Assets_Collection_Vol_020.zip,/home/wildbill/wildbill_secure_vault/static/previews/Gumroad_Ready_Assets_Collection_Vol_020.jpg,"Create as Digital product, attach ZIP, set custom URL, then publish"
Gumroad Ready Assets Collection Vol 021,15.00,Premium themed Gumroad Ready Assets uniform layout art graphic asset pack collection.,wb-bnd-128,https://wildbill3.gumroad.com/l/wb-bnd-128,/run/media/wildbill/storage/completed_bundles/Gumroad_Ready_Assets_Collection_Vol_021.zip,/home/wildbill/wildbill_secure_vault/static/previews/Gumroad_Ready_Assets_Collection_Vol_021.jpg,"Create as Digital product, attach ZIP, set custom URL, then publish"
Gumroad Ready Assets Collection Vol 022,15.00,Premium themed Gumroad Ready Assets uniform layout art graphic asset pack collection.,wb-bnd-129,https://wildbill3.gumroad.com/l/wb-bnd-129,/run/media/wildbill/storage/completed_bundles/Gumroad_Ready_Assets_Collection_Vol_022.zip,/home/wildbill/wildbill_secure_vault/static/previews/Gumroad_Ready_Assets_Collection_Vol_022.jpg,"Create as Digital product, attach ZIP, set custom URL, then publish"
Gumroad Ready Assets Collection Vol 023,15.00,Premium themed Gumroad Ready Assets uniform layout art graphic asset pack collection.,wb-bnd-130,https://wildbill3.gumroad.com/l/wb-bnd-130,/run/media/wildbill/storage/completed_bundles/Gumroad_Ready_Assets_Collection_Vol_023.zip,/home/wildbill/wildbill_secure_vault/static/previews/Gumroad_Ready_Assets_Collection_Vol_023.jpg,"Create as Digital product, attach ZIP, set custom URL, then publish"
Gumroad Ready Assets Collection Vol 024,15.00,Premium themed Gumroad Ready Assets uniform layout art graphic asset pack collection.,wb-bnd-131,https://wildbill3.gumroad.com/l/wb-bnd-131,/run/media/wildbill/storage/completed_bundles/Gumroad_Ready_Assets_Collection_Vol_024.zip,/home/wildbill/wildbill_secure_vault/static/previews/Gumroad_Ready_Assets_Collection_Vol_024.jpg,"Create as Digital product, attach ZIP, set custom URL, then publish"
Gumroad Ready Assets Collection Vol 025,15.00,Premium themed Gumroad Ready Assets uniform layout art graphic asset pack collection.,wb-bnd-132,https://wildbill3.gumroad.com/l/wb-bnd-132,/run/media/wildbill/storage/completed_bundles/Gumroad_Ready_Assets_Collection_Vol_025.zip,/home/wildbill/wildbill_secure_vault/static/previews/Gumroad_Ready_Assets_Collection_Vol_025.jpg,"Create as Digital product, attach ZIP, set custom URL, then publish"
Gumroad Ready Assets Collection Vol 026,15.00,Premium themed Gumroad Ready Assets uniform layout art graphic asset pack collection.,wb-bnd-133,https://wildbill3.gumroad.com/l/wb-bnd-133,/run/media/wildbill/storage/completed_bundles/Gumroad_Ready_Assets_Collection_Vol_026.zip,/home/wildbill/wildbill_secure_vault/static/previews/Gumroad_Ready_Assets_Collection_Vol_026.jpg,"Create as Digital product, attach ZIP, set custom URL, then publish"
Gumroad Ready Assets Collection Vol 027,15.00,Premium themed Gumroad Ready Assets uniform layout art graphic asset pack collection.,wb-bnd-134,https://wildbill3.gumroad.com/l/wb-bnd-134,/run/media/wildbill/storage/completed_bundles/Gumroad_Ready_Assets_Collection_Vol_027.zip,/home/wildbill/wildbill_secure_vault/static/previews/Gumroad_Ready_Assets_Collection_Vol_027.jpg,"Create as Digital product, attach ZIP, set custom URL, then publish"
Gumroad Ready Assets Collection Vol 028,15.00,Premium themed Gumroad Ready Assets uniform layout art graphic asset pack collection.,wb-bnd-135,https://wildbill3.gumroad.com/l/wb-bnd-135,/run/media/wildbill/storage/completed_bundles/Gumroad_Ready_Assets_Collection_Vol_028.zip,/home/wildbill/wildbill_secure_vault/static/previews/Gumroad_Ready_Assets_Collection_Vol_028.jpg,"Create as Digital product, attach ZIP, set custom URL, then publish"
Gumroad Ready Assets Collection Vol 029,15.00,Premium themed Gumroad Ready Assets uniform layout art graphic asset pack collection.,wb-bnd-136,https://wildbill3.gumroad.com/l/wb-bnd-136,/run/media/wildbill/storage/completed_bundles/Gumroad_Ready_Assets_Collection_Vol_029.zip,/home/wildbill/wildbill_secure_vault/static/previews/Gumroad_Ready_Assets_Collection_Vol_029.jpg,"Create as Digital product, attach ZIP, set custom URL, then publish"
Gumroad Ready Assets Collection Vol 030,15.00,Premium themed Gumroad Ready Assets uniform layout art graphic asset pack collection.,wb-bnd-137,https://wildbill3.gumroad.com/l/wb-bnd-137,/run/media/wildbill/storage/completed_bundles/Gumroad_Ready_Assets_Collection_Vol_030.zip,/home/wildbill/wildbill_secure_vault/static/previews/Gumroad_Ready_Assets_Collection_Vol_030.jpg,"Create as Digital product, attach ZIP, set custom URL, then publish"
Gumroad Ready Assets Collection Vol 031,15.00,Premium themed Gumroad Ready Assets uniform layout art graphic asset pack collection.,wb-bnd-138,https://wildbill3.gumroad.com/l/wb-bnd-138,/run/media/wildbill/storage/completed_bundles/Gumroad_Ready_Assets_Collection_Vol_031.zip,/home/wildbill/wildbill_secure_vault/static/previews/Gumroad_Ready_Assets_Collection_Vol_031.jpg,"Create as Digital product, attach ZIP, set custom URL, then publish"
Gumroad Ready Assets Collection Vol 032,15.00,Premium themed Gumroad Ready Assets uniform layout art graphic asset pack collection.,wb-bnd-139,https://wildbill3.gumroad.com/l/wb-bnd-139,/run/media/wildbill/storage/completed_bundles/Gumroad_Ready_Assets_Collection_Vol_032.zip,/home/wildbill/wildbill_secure_vault/static/previews/Gumroad_Ready_Assets_Collection_Vol_032.jpg,"Create as Digital product, attach ZIP, set custom URL, then publish"
Gumroad Ready Assets Collection Vol 033,15.00,Premium themed Gumroad Ready Assets uniform layout art graphic asset pack collection.,wb-bnd-140,https://wildbill3.gumroad.com/l/wb-bnd-140,/run/media/wildbill/storage/completed_bundles/Gumroad_Ready_Assets_Collection_Vol_033.zip,/home/wildbill/wildbill_secure_vault/static/previews/Gumroad_Ready_Assets_Collection_Vol_033.jpg,"Create as Digital product, attach ZIP, set custom URL, then publish"
Gumroad Ready Assets Collection Vol 034,15.00,Premium themed Gumroad Ready Assets uniform layout art graphic asset pack collection.,wb-bnd-141,https://wildbill3.gumroad.com/l/wb-bnd-141,/run/media/wildbill/storage/completed_bundles/Gumroad_Ready_Assets_Collection_Vol_034.zip,/home/wildbill/wildbill_secure_vault/static/previews/Gumroad_Ready_Assets_Collection_Vol_034.jpg,"Create as Digital product, attach ZIP, set custom URL, then publish"
Gumroad Ready Assets Collection Vol 035,15.00,Premium themed Gumroad Ready Assets uniform layout art graphic asset pack collection.,wb-bnd-142,https://wildbill3.gumroad.com/l/wb-bnd-142,/run/media/wildbill/storage/completed_bundles/Gumroad_Ready_Assets_Collection_Vol_035.zip,/home/wildbill/wildbill_secure_vault/static/previews/Gumroad_Ready_Assets_Collection_Vol_035.jpg,"Create as Digital product, attach ZIP, set custom URL, then publish"
Gumroad Ready Assets Collection Vol 036,15.00,Premium themed Gumroad Ready Assets uniform layout art graphic asset pack collection.,wb-bnd-143,https://wildbill3.gumroad.com/l/wb-bnd-143,/run/media/wildbill/storage/completed_bundles/Gumroad_Ready_Assets_Collection_Vol_036.zip,/home/wildbill/wildbill_secure_vault/static/previews/Gumroad_Ready_Assets_Collection_Vol_036.jpg,"Create as Digital product, attach ZIP, set custom URL, then publish"
Gumroad Ready Assets Collection Vol 037,15.00,Premium themed Gumroad Ready Assets uniform layout art graphic asset pack collection.,wb-bnd-144,https://wildbill3.gumroad.com/l/wb-bnd-144,/run/media/wildbill/storage/completed_bundles/Gumroad_Ready_Assets_Collection_Vol_037.zip,/home/wildbill/wildbill_secure_vault/static/previews/Gumroad_Ready_Assets_Collection_Vol_037.jpg,"Create as Digital product, attach ZIP, set custom URL, then publish"
Storefront Previews Collection Vol 001,15.00,Premium themed Storefront Previews uniform layout art graphic asset pack collection.,wb-bnd-145,https://wildbill3.gumroad.com/l/wb-bnd-145,/run/media/wildbill/storage/completed_bundles/Storefront_Previews_Collection_Vol_001.zip,/home/wildbill/wildbill_secure_vault/static/previews/Storefront_Previews_Collection_Vol_001.jpg,"Create as Digital product, attach ZIP, set custom URL, then publish"
Storefront Previews Collection Vol 002,15.00,Premium themed Storefront Previews uniform layout art graphic asset pack collection.,wb-bnd-146,https://wildbill3.gumroad.com/l/wb-bnd-146,/run/media/wildbill/storage/completed_bundles/Storefront_Previews_Collection_Vol_002.zip,/home/wildbill/wildbill_secure_vault/static/previews/Storefront_Previews_Collection_Vol_002.jpg,"Create as Digital product, attach ZIP, set custom URL, then publish"
Storefront Previews Collection Vol 003,15.00,Premium themed Storefront Previews uniform layout art graphic asset pack collection.,wb-bnd-147,https://wildbill3.gumroad.com/l/wb-bnd-147,/run/media/wildbill/storage/completed_bundles/Storefront_Previews_Collection_Vol_003.zip,/home/wildbill/wildbill_secure_vault/static/previews/Storefront_Previews_Collection_Vol_003.jpg,"Create as Digital product, attach ZIP, set custom URL, then publish"
Storefront Previews Collection Vol 004,15.00,Premium themed Storefront Previews uniform layout art graphic asset pack collection.,wb-bnd-148,https://wildbill3.gumroad.com/l/wb-bnd-148,/run/media/wildbill/storage/completed_bundles/Storefront_Previews_Collection_Vol_004.zip,/home/wildbill/wildbill_secure_vault/static/previews/Storefront_Previews_Collection_Vol_004.jpg,"Create as Digital product, attach ZIP, set custom URL, then publish"
Storefront Previews Collection Vol 005,15.00,Premium themed Storefront Previews uniform layout art graphic asset pack collection.,wb-bnd-149,https://wildbill3.gumroad.com/l/wb-bnd-149,/run/media/wildbill/storage/completed_bundles/Storefront_Previews_Collection_Vol_005.zip,/home/wildbill/wildbill_secure_vault/static/previews/Storefront_Previews_Collection_Vol_005.jpg,"Create as Digital product, attach ZIP, set custom URL, then publish"
Storefront Previews Collection Vol 006,15.00,Premium themed Storefront Previews uniform layout art graphic asset pack collection.,wb-bnd-150,https://wildbill3.gumroad.com/l/wb-bnd-150,/run/media/wildbill/storage/completed_bundles/Storefront_Previews_Collection_Vol_006.zip,/home/wildbill/wildbill_secure_vault/static/previews/Storefront_Previews_Collection_Vol_006.jpg,"Create as Digital product, attach ZIP, set custom URL, then publish"
Storefront Previews Collection Vol 007,15.00,Premium themed Storefront Previews uniform layout art graphic asset pack collection.,wb-bnd-151,https://wildbill3.gumroad.com/l/wb-bnd-151,/run/media/wildbill/storage/completed_bundles/Storefront_Previews_Collection_Vol_007.zip,/home/wildbill/wildbill_secure_vault/static/previews/Storefront_Previews_Collection_Vol_007.jpg,"Create as Digital product, attach ZIP, set custom URL, then publish"
Storefront Previews Collection Vol 008,15.00,Premium themed Storefront Previews uniform layout art graphic asset pack collection.,wb-bnd-152,https://wildbill3.gumroad.com/l/wb-bnd-152,/run/media/wildbill/storage/completed_bundles/Storefront_Previews_Collection_Vol_008.zip,/home/wildbill/wildbill_secure_vault/static/previews/Storefront_Previews_Collection_Vol_008.jpg,"Create as Digital product, attach ZIP, set custom URL, then publish"
Storefront Previews Collection Vol 009,15.00,Premium themed Storefront Previews uniform layout art graphic asset pack collection.,wb-bnd-153,https://wildbill3.gumroad.com/l/wb-bnd-153,/run/media/wildbill/storage/completed_bundles/Storefront_Previews_Collection_Vol_009.zip,/home/wildbill/wildbill_secure_vault/static/previews/Storefront_Previews_Collection_Vol_009.jpg,"Create as Digital product, attach ZIP, set custom URL, then publish"
Storefront Previews Collection Vol 010,15.00,Premium themed Storefront Previews uniform layout art graphic asset pack collection.,wb-bnd-154,https://wildbill3.gumroad.com/l/wb-bnd-154,/run/media/wildbill/storage/completed_bundles/Storefront_Previews_Collection_Vol_010.zip,/home/wildbill/wildbill_secure_vault/static/previews/Storefront_Previews_Collection_Vol_010.jpg,"Create as Digital product, attach ZIP, set custom URL, then publish"
Storefront Previews Collection Vol 011,15.00,Premium themed Storefront Previews uniform layout art graphic asset pack collection.,wb-bnd-155,https://wildbill3.gumroad.com/l/wb-bnd-155,/run/media/wildbill/storage/completed_bundles/Storefront_Previews_Collection_Vol_011.zip,/home/wildbill/wildbill_secure_vault/static/previews/Storefront_Previews_Collection_Vol_011.jpg,"Create as Digital product, attach ZIP, set custom URL, then publish"
Storefront Previews Collection Vol 012,15.00,Premium themed Storefront Previews uniform layout art graphic asset pack collection.,wb-bnd-156,https://wildbill3.gumroad.com/l/wb-bnd-156,/run/media/wildbill/storage/completed_bundles/Storefront_Previews_Collection_Vol_012.zip,/home/wildbill/wildbill_secure_vault/static/previews/Storefront_Previews_Collection_Vol_012.jpg,"Create as Digital product, attach ZIP, set custom URL, then publish"
