row_index,current_permalink,target_permalink,status,http_status,message
1,wildbill_adult-creator-600-ultimate-master-vault-vol1-zip-collection-vol-001,wb-bnd-001,updated,200,The product was not found.
2,wildbill_adult-creator-600-ultimate-master-vault-vol1-zip-collection-vol-002,wb-bnd-002,updated,200,The product was not found.
3,wildbill_adult-creator-600-ultimate-master-vault-vol1-zip-collection-vol-003,wb-bnd-003,updated,200,The product was not found.
4,wildbill_adult-creator-smooth-600-vault-vol-vol1-zip-collection-vol-001,wb-bnd-004,updated,200,The product was not found.
5,wildbill_adult-creator-smooth-600-vault-vol-vol1-zip-collection-vol-002,wb-bnd-005,updated,200,The product was not found.
6,wildbill_adult-creator-smooth-600-vault-vol-vol1-zip-collection-vol-003,wb-bnd-006,updated,200,The product was not found.
7,wildbill_dark-luxury-red-and-matte-black-vol1-zip-collection-vol-001,wb-bnd-007,updated,200,The product was not found.
8,wildbill_dark-luxury-red-and-matte-black-vol1-zip-collection-vol-002,wb-bnd-008,updated,200,The product was not found.
9,wildbill_dark-luxury-red-and-matte-black-vol1-zip-collection-vol-003,wb-bnd-009,updated,200,The product was not found.
10,wildbill_minimalist-high-contrast-crimson-vol1-zip-collection-vol-001,wb-bnd-010,updated,200,The product was not found.
11,wildbill_minimalist-high-contrast-crimson-vol1-zip-collection-vol-002,wb-bnd-011,updated,200,The product was not found.
12,wildbill_minimalist-high-contrast-crimson-vol1-zip-collection-vol-003,wb-bnd-012,updated,200,The product was not found.
13,wildbill_minimalist-high-contrast-crimson-vol1-zip-collection-vol-004,wb-bnd-013,updated,200,The product was not found.
14,wildbill_glitchcore-cyber-web-vector-vol1-zip-collection-vol-001,wb-bnd-014,updated,200,The product was not found.
15,wildbill_glitchcore-cyber-web-vector-vol1-zip-collection-vol-002,wb-bnd-015,updated,200,The product was not found.
16,wildbill_gothic-luxury-velvet-vol1-zip-collection-vol-001,wb-bnd-016,updated,200,The product was not found.
17,wildbill_gothic-luxury-velvet-vol1-zip-collection-vol-002,wb-bnd-017,updated,200,The product was not found.
18,wildbill_gothic-luxury-velvet-vol1-zip-collection-vol-003,wb-bnd-018,updated,200,The product was not found.
19,wildbill_crimson-cyberpunk-fetish-vol1-zip-collection-vol-001,wb-bnd-019,updated,200,The product was not found.
20,wildbill_crimson-cyberpunk-fetish-vol1-zip-collection-vol-002,wb-bnd-020,updated,200,The product was not found.
21,wildbill_crimson-cyberpunk-fetish-vol1-zip-collection-vol-003,wb-bnd-021,updated,200,The product was not found.
22,wildbill_dreamy-enchanted-garden-vol1-zip-collection-vol-001,wb-bnd-022,updated,200,The product was not found.
23,wildbill_dreamy-enchanted-garden-vol1-zip-collection-vol-002,wb-bnd-023,updated,200,The product was not found.
24,wildbill_grimy-streetwear-alternative-vol1-zip-collection-vol-001,wb-bnd-024,updated,200,The product was not found.
25,wildbill_grimy-streetwear-alternative-vol1-zip-collection-vol-002,wb-bnd-025,updated,200,The product was not found.
26,wildbill_grimy-streetwear-alternative-vol1-zip-collection-vol-003,wb-bnd-026,updated,200,The product was not found.
27,wildbill_dystopian-cyberpunk-noir-vol1-zip-collection-vol-001,wb-bnd-027,updated,200,The product was not found.
28,wildbill_dystopian-cyberpunk-noir-vol1-zip-collection-vol-002,wb-bnd-028,updated,200,The product was not found.
29,wildbill_dystopian-cyberpunk-noir-vol1-zip-collection-vol-003,wb-bnd-029,updated,200,The product was not found.
30,wildbill_industrial-metal-and-lace-vol1-zip-collection-vol-001,wb-bnd-030,updated,200,The product was not found.
31,wildbill_industrial-metal-and-lace-vol1-zip-collection-vol-002,wb-bnd-031,updated,200,The product was not found.
32,wildbill_industrial-metal-and-lace-vol1-zip-collection-vol-003,wb-bnd-032,updated,200,The product was not found.
33,wildbill_midnight-garden-soiree-vol1-zip-collection-vol-001,wb-bnd-033,updated,200,The product was not found.
34,wildbill_vaporwave-synthwave-fetish-vol1-zip-collection-vol-001,wb-bnd-034,updated,200,The product was not found.
35,wildbill_vaporwave-synthwave-fetish-vol1-zip-collection-vol-002,wb-bnd-035,updated,200,The product was not found.
36,wildbill_steamy-beach-getaway-vol1-zip-collection-vol-001,wb-bnd-036,updated,200,The product was not found.
37,wildbill_y2k-acid-glitch-vector-vol1-zip-collection-vol-001,wb-bnd-037,updated,200,The product was not found.
38,wildbill_aesthetic-lofi-chill-pixel-vol1-zip-collection-vol-001,wb-bnd-038,updated,200,The product was not found.
39,wildbill_neon-alternative-gothic-vol1-zip-collection-vol-001,wb-bnd-039,updated,200,The product was not found.
40,wildbill_neon-alternative-gothic-vol1-zip-collection-vol-002,wb-bnd-040,updated,200,The product was not found.
41,wildbill_neon-alternative-gothic-vol1-zip-collection-vol-003,wb-bnd-041,updated,200,The product was not found.
42,wildbill_erotic-rooftop-lounge-vol1-zip-collection-vol-001,wb-bnd-042,updated,200,The product was not found.
43,wildbill_erotic-rooftop-lounge-vol1-zip-collection-vol-002,wb-bnd-043,updated,200,The product was not found.
44,wildbill_decadent-underground-lair-vol1-zip-collection-vol-001,wb-bnd-044,updated,200,The product was not found.
45,wildbill_decadent-underground-lair-vol1-zip-collection-vol-002,wb-bnd-045,updated,200,The product was not found.
46,wildbill_grimdark-elden-fantasy-vol1-zip-collection-vol-001,wb-bnd-046,updated,200,The product was not found.
47,wildbill_grimdark-elden-fantasy-vol1-zip-collection-vol-002,wb-bnd-047,updated,200,The product was not found.
48,wildbill_electric-pocket-monster-mech-vol1-zip-collection-vol-001,wb-bnd-048,updated,200,The product was not found.
49,wildbill_cyberpunk-vol1-zip-collection-vol-001,wb-bnd-049,updated,200,The product was not found.
50,wildbill_cyberpunk-vol1-zip-collection-vol-002,wb-bnd-050,updated,200,The product was not found.
51,wildbill_cyberpunk-vol1-zip-collection-vol-003,wb-bnd-051,updated,200,The product was not found.
52,wildbill_cyberpunk-vol1-zip-collection-vol-004,wb-bnd-052,updated,200,The product was not found.
53,wildbill_cyberpunk-vol1-zip-collection-vol-005,wb-bnd-053,updated,200,The product was not found.
54,wildbill_cyberpunk-vol2-zip-collection-vol-001,wb-bnd-054,updated,200,The product was not found.
55,wildbill_power-dynamics-smooth-kit-vol1-zip-collection-vol-001,wb-bnd-055,updated,200,The product was not found.
56,wildbill_art-vol1-zip-collection-vol-001,wb-bnd-056,updated,200,The product was not found.
57,wildbill_art-vol1-zip-collection-vol-002,wb-bnd-057,updated,200,The product was not found.
58,wildbill_art-vol1-zip-collection-vol-003,wb-bnd-058,updated,200,The product was not found.
59,wildbill_art-vol1-zip-collection-vol-004,wb-bnd-059,updated,200,The product was not found.
60,wildbill_art-vol1-zip-collection-vol-005,wb-bnd-060,updated,200,The product was not found.
61,wildbill_art-vol10-zip-collection-vol-001,wb-bnd-061,updated,200,The product was not found.
62,wildbill_art-vol10-zip-collection-vol-002,wb-bnd-062,updated,200,The product was not found.
63,wildbill_art-vol10-zip-collection-vol-003,wb-bnd-063,updated,200,The product was not found.
64,wildbill_art-vol10-zip-collection-vol-004,wb-bnd-064,updated,200,The product was not found.
65,wildbill_art-vol10-zip-collection-vol-005,wb-bnd-065,updated,200,The product was not found.
66,wildbill_art-vol11-zip-collection-vol-001,wb-bnd-066,updated,200,The product was not found.
67,wildbill_art-vol11-zip-collection-vol-002,wb-bnd-067,updated,200,The product was not found.
68,wildbill_art-vol11-zip-collection-vol-003,wb-bnd-068,updated,200,The product was not found.
69,wildbill_art-vol11-zip-collection-vol-004,wb-bnd-069,updated,200,The product was not found.
70,wildbill_art-vol11-zip-collection-vol-005,wb-bnd-070,updated,200,The product was not found.
71,wildbill_art-vol12-zip-collection-vol-001,wb-bnd-071,updated,200,The product was not found.
72,wildbill_art-vol12-zip-collection-vol-002,wb-bnd-072,updated,200,The product was not found.
73,wildbill_art-vol2-zip-collection-vol-001,wb-bnd-073,updated,200,The product was not found.
74,wildbill_art-vol2-zip-collection-vol-002,wb-bnd-074,updated,200,The product was not found.
75,wildbill_art-vol2-zip-collection-vol-003,wb-bnd-075,updated,200,The product was not found.
76,wildbill_art-vol2-zip-collection-vol-004,wb-bnd-076,updated,200,The product was not found.
77,wildbill_art-vol2-zip-collection-vol-005,wb-bnd-077,updated,200,The product was not found.
78,wildbill_art-vol3-zip-collection-vol-001,wb-bnd-078,updated,200,The product was not found.
79,wildbill_art-vol3-zip-collection-vol-002,wb-bnd-079,updated,200,The product was not found.
80,wildbill_art-vol3-zip-collection-vol-003,wb-bnd-080,updated,200,The product was not found.
81,wildbill_art-vol3-zip-collection-vol-004,wb-bnd-081,updated,200,The product was not found.
82,wildbill_art-vol3-zip-collection-vol-005,wb-bnd-082,updated,200,The product was not found.
83,wildbill_art-vol4-zip-collection-vol-001,wb-bnd-083,updated,200,The product was not found.
84,wildbill_art-vol4-zip-collection-vol-002,wb-bnd-084,updated,200,The product was not found.
85,wildbill_art-vol4-zip-collection-vol-003,wb-bnd-085,updated,200,The product was not found.
86,wildbill_art-vol4-zip-collection-vol-004,wb-bnd-086,updated,200,The product was not found.
87,wildbill_art-vol4-zip-collection-vol-005,wb-bnd-087,updated,200,The product was not found.
88,wildbill_art-vol5-zip-collection-vol-001,wb-bnd-088,updated,200,The product was not found.
89,wildbill_art-vol5-zip-collection-vol-002,wb-bnd-089,updated,200,The product was not found.
90,wildbill_art-vol5-zip-collection-vol-003,wb-bnd-090,updated,200,The product was not found.
91,wildbill_art-vol5-zip-collection-vol-004,wb-bnd-091,updated,200,The product was not found.
92,wildbill_art-vol5-zip-collection-vol-005,wb-bnd-092,updated,200,The product was not found.
93,wildbill_art-vol6-zip-collection-vol-001,wb-bnd-093,updated,200,The product was not found.
94,wildbill_art-vol6-zip-collection-vol-002,wb-bnd-094,updated,200,The product was not found.
95,wildbill_art-vol6-zip-collection-vol-003,wb-bnd-095,updated,200,The product was not found.
96,wildbill_art-vol6-zip-collection-vol-004,wb-bnd-096,updated,200,The product was not found.
97,wildbill_art-vol6-zip-collection-vol-005,wb-bnd-097,updated,200,The product was not found.
98,wildbill_art-vol7-zip-collection-vol-001,wb-bnd-098,updated,200,The product was not found.
99,wildbill_art-vol7-zip-collection-vol-002,wb-bnd-099,updated,200,The product was not found.
100,wildbill_art-vol7-zip-collection-vol-003,wb-bnd-100,updated,200,The product was not found.
101,wildbill_art-vol7-zip-collection-vol-004,wb-bnd-101,updated,200,The product was not found.
102,wildbill_art-vol7-zip-collection-vol-005,wb-bnd-102,updated,200,The product was not found.
103,wildbill_art-vol9-zip-collection-vol-001,wb-bnd-103,updated,200,The product was not found.
104,wildbill_art-vol9-zip-collection-vol-002,wb-bnd-104,updated,200,The product was not found.
105,wildbill_art-vol9-zip-collection-vol-003,wb-bnd-105,updated,200,The product was not found.
106,wildbill_art-vol9-zip-collection-vol-004,wb-bnd-106,updated,200,The product was not found.
107,wildbill_art-vol9-zip-collection-vol-005,wb-bnd-107,updated,200,The product was not found.
108,wildbill_gumroad-ready-assets-collection-vol-001,wb-bnd-108,updated,200,The product was not found.
109,wildbill_gumroad-ready-assets-collection-vol-002,wb-bnd-109,updated,200,The product was not found.
110,wildbill_gumroad-ready-assets-collection-vol-003,wb-bnd-110,updated,200,The product was not found.
111,wildbill_gumroad-ready-assets-collection-vol-004,wb-bnd-111,updated,200,The product was not found.
112,wildbill_gumroad-ready-assets-collection-vol-005,wb-bnd-112,updated,200,The product was not found.
113,wildbill_gumroad-ready-assets-collection-vol-006,wb-bnd-113,updated,200,The product was not found.
114,wildbill_gumroad-ready-assets-collection-vol-007,wb-bnd-114,updated,200,The product was not found.
115,wildbill_gumroad-ready-assets-collection-vol-008,wb-bnd-115,updated,200,The product was not found.
116,wildbill_gumroad-ready-assets-collection-vol-009,wb-bnd-116,updated,200,The product was not found.
117,wildbill_gumroad-ready-assets-collection-vol-010,wb-bnd-117,updated,200,The product was not found.
118,wildbill_gumroad-ready-assets-collection-vol-011,wb-bnd-118,updated,200,The product was not found.
119,wildbill_gumroad-ready-assets-collection-vol-012,wb-bnd-119,updated,200,The product was not found.
120,wildbill_gumroad-ready-assets-collection-vol-013,wb-bnd-120,updated,200,The product was not found.
121,wildbill_gumroad-ready-assets-collection-vol-014,wb-bnd-121,updated,200,The product was not found.
122,wildbill_gumroad-ready-assets-collection-vol-015,wb-bnd-122,updated,200,The product was not found.
123,wildbill_gumroad-ready-assets-collection-vol-016,wb-bnd-123,updated,200,The product was not found.
124,wildbill_gumroad-ready-assets-collection-vol-017,wb-bnd-124,updated,200,The product was not found.
125,wildbill_gumroad-ready-assets-collection-vol-018,wb-bnd-125,updated,200,The product was not found.
126,wildbill_gumroad-ready-assets-collection-vol-019,wb-bnd-126,updated,200,The product was not found.
127,wildbill_gumroad-ready-assets-collection-vol-020,wb-bnd-127,updated,200,The product was not found.
128,wildbill_gumroad-ready-assets-collection-vol-021,wb-bnd-128,updated,200,The product was not found.
129,wildbill_gumroad-ready-assets-collection-vol-022,wb-bnd-129,updated,200,The product was not found.
130,wildbill_gumroad-ready-assets-collection-vol-023,wb-bnd-130,updated,200,The product was not found.
131,wildbill_gumroad-ready-assets-collection-vol-024,wb-bnd-131,updated,200,The product was not found.
132,wildbill_gumroad-ready-assets-collection-vol-025,wb-bnd-132,updated,200,The product was not found.
133,wildbill_gumroad-ready-assets-collection-vol-026,wb-bnd-133,updated,200,The product was not found.
134,wildbill_gumroad-ready-assets-collection-vol-027,wb-bnd-134,updated,200,The product was not found.
135,wildbill_gumroad-ready-assets-collection-vol-028,wb-bnd-135,updated,200,The product was not found.
136,wildbill_gumroad-ready-assets-collection-vol-029,wb-bnd-136,updated,200,The product was not found.
137,wildbill_gumroad-ready-assets-collection-vol-030,wb-bnd-137,updated,200,The product was not found.
138,wildbill_gumroad-ready-assets-collection-vol-031,wb-bnd-138,updated,200,The product was not found.
139,wildbill_gumroad-ready-assets-collection-vol-032,wb-bnd-139,updated,200,The product was not found.
140,wildbill_gumroad-ready-assets-collection-vol-033,wb-bnd-140,updated,200,The product was not found.
141,wildbill_gumroad-ready-assets-collection-vol-034,wb-bnd-141,updated,200,The product was not found.
142,wildbill_gumroad-ready-assets-collection-vol-035,wb-bnd-142,updated,200,The product was not found.
143,wildbill_gumroad-ready-assets-collection-vol-036,wb-bnd-143,updated,200,The product was not found.
144,wildbill_gumroad-ready-assets-collection-vol-037,wb-bnd-144,updated,200,The product was not found.
145,wildbill_storefront-previews-collection-vol-001,wb-bnd-145,updated,200,The product was not found.
146,wildbill_storefront-previews-collection-vol-002,wb-bnd-146,updated,200,The product was not found.
147,wildbill_storefront-previews-collection-vol-003,wb-bnd-147,updated,200,The product was not found.
148,wildbill_storefront-previews-collection-vol-004,wb-bnd-148,updated,200,The product was not found.
149,wildbill_storefront-previews-collection-vol-005,wb-bnd-149,updated,200,The product was not found.
150,wildbill_storefront-previews-collection-vol-006,wb-bnd-150,updated,200,The product was not found.
151,wildbill_storefront-previews-collection-vol-007,wb-bnd-151,updated,200,The product was not found.
152,wildbill_storefront-previews-collection-vol-008,wb-bnd-152,updated,200,The product was not found.
153,wildbill_storefront-previews-collection-vol-009,wb-bnd-153,updated,200,The product was not found.
154,wildbill_storefront-previews-collection-vol-010,wb-bnd-154,updated,200,The product was not found.
155,wildbill_storefront-previews-collection-vol-011,wb-bnd-155,updated,200,The product was not found.
156,wildbill_storefront-previews-collection-vol-012,wb-bnd-156,updated,200,The product was not found.
